,어플이름,아이디,리뷰,별점,날짜
0,배달의민족,이원위,만 오천원짜리 쿠폰 받아서 쓰려고 했는데 1회 인증번호를 안주네요. 두번 세번 다시 깔고 계속 인증요청 눌러도 인증번호 안뜸. 20분째 지웠다 깔았다 인증요청버튼만 몇십번을 누르네 ㅋㅋ 그냥 쓰던대로 요기요나 잘 쓰겠습니다. 배민 앱 평점이 나락인 이유가 괜한게 아니었나보네요. 회사 사정 어려우니까 일부러 쿠폰 못쓰게 하려고 인증번호 요청을 무시하시는 건가요?,별표 5개 만점에 2.3개를 받았습니다.,2021년 11월 22일
1,배달의민족,WoowaBrothers,인증이 안됨. 문자가 안옴. 차단한 문자도 찾아봤는데도 안됨.,별표 5개 만점에 1개를 받았습니다.,2021년 11월 24일
2,배달의민족,수달,배달어플 잘 쓰고 있긴 한데요 최소금액 충족시켜서 1인분 배달시켰는데 멀지도 않은데 배달취소 시키는 업체가 많네요 이런건 개선해야 되는거 아닌가요? 애초에 못하겠으면 최소금액을 올리던지 사람가지고 장난하는것도 아니고 취소해서 리뷰도 못 남기게하고 뭐하자는건지 모르겠네요 이런걸 주문시키는 입장에서 찾아가서 따져야 되는 건가요? 배민에서 조치 좀 해줬으면 합니다 어플이 좋긴 하지만 이런거 때문에 주문하기도 짜증납니다 부탁드릴께요!!!!!!!!!!!!!!,별표 5개 만점에 1개를 받았습니다.,2021년 9월 6일
3,배달의민족,WoowaBrothers,결제후 배달시간 볼수 있음 70분 나와도 상담사연결 기다리면 취소 불가한 시간!! 매장으로 전화하라 한줄도 안써있음!!! 배민서비스 자체는 불만적는곳없음 상담사연결 15분대기 본사에도 불만개시공간 없음 민원불만 경로없음 음식점 불만 말고 배달민족 자체 불만민원 접수경로 있으면 답변!!,별표 5개 만점에 2개를 받았습니다.,2021년 9월 8일
4,배달의민족,박도영,대체 배달불가 지역은 배민 목록에 왜 뜨나요? 실컷 고민하고 막상 배달시키면 취소당한적이 한두번도 아닌데 언제쯤 업데이트 되나요? 점점 사용하기 싫어지네요. 진짜 몇번이나 그러는데요 좀 업데이트 좀 하시라고요 제가 직접 거리 얼마나 먼지 확인하면서 주문하면 걍 사용하는 의미가 없잖아요;? 배민 1은 걍 안되는데만 주구장창 뜨고 걍 극혐,별표 5개 만점에 1개를 받았습니다.,2021년 12월 17일
5,배달의민족,mi mi,별 1개도 아까움..사용한지가 몇년인데 주문하고 도착예정시간 1시간 넘게 안와서 가게 전화했더니 전화절대 안받고 고객센터 전화했더니 가게연락 안되면 취소못해준다고. 앞으로 한달동안 연락안되면 계속 취소안해줄거냐고 하니깐 그렇다고 나랑 말장난. 가게로 떠넘기고 수수료는 받아쳐먹고. 이럴거면 중개플랫폼 사용하는 이유가 뭔지.암튼 바로 삭제함 수고요,별표 5개 만점에 1개를 받았습니다.,2021년 12월 17일
6,배달의민족,강민서,또 페이스북 로그인이 안 되네. 제가 아이디 비번을 몰라서 그런게 아니고 화면 자체가 제대로 안떠요!!! 앱 설정 안됨 : 이 앱은 개발모드 상태이며~ 이런 문구가 뜨면서 어제까지는 잘만 로그인 했는데 갑자기 안 된다구요. 설정 뭐 건드린 것도 없고 혹시나 해서 페북 앱을 깔아서 해봤지만 똑같은 이유로 안됩니다. 저번에도 이러더니 왜 또 이러나요 듣보 회사 개발자들도 아니고 왜 비슷한 오류가 또 생기냐구요!!,별표 5개 만점에 1개를 받았습니다.,2021년 12월 17일
7,배달의민족,김태한,"고객센터 진짜 개념이 없다. 나도 고객센터 일해본 입장으로 씀. 고객센터가 공감대 형성 못하고 손님 알기를 뭐로 알면, 회사 자체가 뭐구나 하는 생각한다. 그리고 고객센터 자체가 원래 다른 교육보다 최우선으로 하는게 공감대 형성이고, ""그러셨어요"" 이거 항상 생각하라 한다. 아예 프린트물 붙여놓으라고 준다. 고객관리 문제 있다는 쿠팡조차도 고객센터는 이렇지 않다. 지금까지 내가 본 고객센터 중에서 최고봉으로 최악이다. 심지어 배달시킨 가게가 쿠폰써서 최소금액 미만됐다고 바쁘다는척 일방적으로 취소한건데 고객센터 신경도 안쓴다. 친구들...
전체 리뷰",별표 5개 만점에 1개를 받았습니다.,2021년 12월 13일
8,배달의민족,WoowaBrothers,수수료 받아먹는 중간업체라면 소비자와 업체간에 분쟁이 일어났을때 잘 조율하는 것도 중간업체의 책임도 있다는 것인데 조율은 커녕 오히려 분쟁의 원인이 되고 그걸 또 나몰라라 하는 행태에 더 열이 받는다. 한국사회에서 그딴식으로 사업해서 얼마나 잘되는지 지켜보겠습니다. 이 리뷰를 끝으로 배민 손절합니다. 영원히 안녕~,별표 5개 만점에 1개를 받았습니다.,2021년 12월 15일
9,배달의민족,black tea,"요청한적도 없는 문앞 비대면 배달을 마음대로 하질 않나, 배달 시간 10분이나 오래걸려 보니 중식을 걸어서 배달을해 다 식은 음식이 오질 않나, 배민1 몇번 해봤는데 너무 쓰레기같네요 제시간에 받은 음식이 한번도 없으니 말 다했지만 다시는 사용 안합니다",별표 5개 만점에 1개를 받았습니다.,2021년 12월 9일
10,배달의민족,WoowaBrothers,역시 우리는 배달의 민족!!잘사용하고 있습니당~다만 1가지 기능이 추가되면 더욱 완벽할것같아 말씀드리려구용~주문내역에서 검색기능도 있었으면 좋겠어요ㅜ과거에 시켰던 곳이 맛있어 키워드로 검색하고 싶어도 기능이 없으니 일일이 찾아봐야하는점이 아쉽네요ㅜ배달을 별도 안시켜먹었다면 쉽게 찾을수있겠지만 자주시켜먹는 사람에게는 데이터가 많아 찾는것도 일이더라구요ㅜㅠ부탁드립니다~~,별표 5개 만점에 1개를 받았습니다.,2021년 12월 11일
11,배달의민족,Jean,여기그냥 깡패네요 주문하고 바로메뉴 바꿀라고 가게정보 봣는데 아무것도 없어서 고객센터연락하니깐 그냥 먹으라네요 변경이안된다고요 바로연락드렸는데... 어찌나 어이가없던지 깡패업체도아니고 그냥 막나가자고 하는거같네요 일처리가 너무 느리고 먹고싶엇던음식은못먹고 엄한음식 두입먹고 돈버렸네요 다른어플 써야겠어요 획시몰르니 여기 쓰지마세요 질이 안좋아요,별표 5개 만점에 5개를 받았습니다.,2021년 12월 3일
12,배달의민족,WoowaBrothers,"부탁드립니다 제발 , 몇몇 지역 (예,김해장유) 에서 맛집랭킹 최신화가 전혀 되고있지 않습니다. 지난 2주동안 맛집랭킹이 모든 카테고리를 포함해 변동이 1도 없어서 문의 남겼더니 메크로 답변만 돌아왔습니다. 제발 조치좀 해주세요 . 저만 그런줄 알았는데 네이버 배민 많은 사장님들도 똑같은 현상을 격고있습니다 제발 부탁드립니다 . 고쳐주세요 .",별표 5개 만점에 1개를 받았습니다.,2021년 12월 5일
13,배달의민족,Linda Park,"찜 관련해서 폴더 기능이 생겼으면 좋겠어요 항상 우리집에서만 시키는게 아니라, 친정 시댁에도 배달시켜 드리고 여행지에서 시키는 경우가 많아 찜이 많은데 찜 해놓은 곳이 많아서 헷갈리기 시작하네요",별표 5개 만점에 5개를 받았습니다.,2021년 12월 13일
14,배달의민족,WoowaBrothers,주문취소 버튼이 없음 버튼이없는데 매장직접 전화로 하면 더 빠르다는 안내문구없음 바로 실시간 채팅안내로 방법안내하는데 실시간 채팅 일처리도 느림 전화했더니 실시간 채팅없다는 말을함 전화중에 실시간채팅은 지연안내문자를 하고있음 실시간채팅도 느리면서 자세한 설명이 없는지 이해가안감 설명을 하기싫음 응대라도 빨라야하는거아님?,별표 5개 만점에 5개를 받았습니다.,2021년 12월 15일
15,배달의민족,Dongjour LIFE,"아직 라이더 위치표시는 개선되면 좋겠음. 쿠팡이츠 처럼 실시간으로 네비처럼 움직이게... 배민은 매번 아무리 봐도 대략? 5초마다 갱신되는거 같음. 여튼 원래 쿠팡이츠만 이용했는데 배민1 나오고 지도도 나오면서부터 배민을 조금씩 이용하기 시작. 주문내역이 아주 자세해서 이건 쿠팡이츠보다 훨씬 좋네요. 진짜 주문할때의 그 주문내역을 다 보여줘서 내가 젓가락을 시켰는지 뭐라고 메모했는지 다볼수있어서 넘 좋음. 쿠팡이츠는 엄청 간소화시켜서 보여주는데..... 아쉬운건 단품으로 구매한것들만 리뷰에 보여지고 좋아요를 할수있음. 같은 음식인데...
전체 리뷰",별표 5개 만점에 1개를 받았습니다.,2021년 12월 12일
16,배달의민족,WoowaBrothers,잘 쓰구 있으나 ui/ ux가 갈수록 구려지는 느낌 저번에 고객센터로 개선해달라고는 했는데 솔직히 쉽게 안 바뀔 듯..ㅎㅎ 글구 본인이 쓴 리뷰에 제발 스크롤좀 생겨서 쉽게 내리고 올릴 수 있는 것좀 만들어주세요 몇개월 전에 건의한건데 언제 생기나요ㅠ 제가 쓴 리뷰 내리고 올리면서 보고 삭제하고 싶은건 삭제하고 싶은데 스크롤이 없으니까 리뷰 하나 삭제하면 다시 맨 위로 올라가요..,별표 5개 만점에 5개를 받았습니다.,2021년 12월 14일
17,배달의민족,서혜란,"리뷰 권한 박탈이 참 쉽네요 몇년동안 잘 이용하고 리뷰 총 100건을 꼼꼼히 쓰던 사용자인데요 지인이 가게를 오픈하여 일부러 찾아간곳과 남자친구 집근처 가게에서 주문을 한번씩 한거로 리뷰 작성한 이용자를 허위리뷰작성자라고 한번에 리뷰 작성권한 박탈을 합니까?ㅋㅋㅋㅋ 요즘 종이 영수증 누가 모읍니까 여기가 뭐 불법주차위반 딱지 떼는것도아니고 2주 1달이나 걸려 날라오는데 누가 영수증을 고이 모셔두냐구요 개발자분들 영수증 모아두시나 봅니다? 아니면 말도 안돼는거 뻔히 아시면서 증거를 달라고 하나요 당일에 바로 해결이되도 모자를판에 수일...
전체 리뷰",별표 5개 만점에 3개를 받았습니다.,2021년 12월 12일
18,배달의민족,WoowaBrothers,투썸플레이스에 아이스박스를 시켰는데 재료 소진으로 주문취소가 되었어요. 근데 돈을 토스로 미리 결제한 상태여서 돈을 다시 받아야하는데 돈이 안 들어와요. 정말 화나네요,별표 5개 만점에 1개를 받았습니다.,2021년 12월 14일
19,배달의민족,오현석,요기요보다 이용할곳이 많아서 좋아요 다만 아쉬운점은 할인이벤트 전용카드보다 요기요처럼 구독형같은게 생겼으면 좋겠어요! 할인받는 느낌이 있었으면 너무 좋겠습니다,별표 5개 만점에 3개를 받았습니다.,2021년 12월 17일
20,배달의민족,Woniee,"안드로이드 앱이 ios 앱에 비해 너무 구더기입니다. 플래그십에서도 반응 이렇게 느린 앱은 정말 하꼬 개인이 만든 앱이나 일부 주식 앱 빼면 흔치 않은데... 개발진들 게으름 탓이 크다고 봅니다. + 전반적으로 많은 기능들이 정리되지 못한 느낌이 강합니다. 메뉴 레이어의 층위, 하단 탭 등등 기타 ux에 대한 이해도가 도무지 느껴지지를 않습니다. 이건 안드로이드, ios 앱 공통적인 불만 사항입니다.",별표 5개 만점에 3개를 받았습니다.,2021년 12월 9일
21,배달의민족,WoowaBrothers,"먹고싶던 음식을 검색하니 관련이 적은 음식인데도 상단에 주로 뜨네요 과일 검색했더니 딸기잼에 요거트에 주스만 잔뜩나와서 호떡집, 버거집, 별별가게가 다나옵니다 과일 검색한게 맞나 싶을정도에요 전엔 안그랬는데 찾기가 상당히 번거로워 졌어요",별표 5개 만점에 1개를 받았습니다.,2021년 12월 11일
22,배달의민족,술수리,페이스북 로그인 안됨 계속 로그인창 반복. 아이디 찾기 눌러서 핸드폰 번호 인증하고 눌러도 똑같이 로그인창만 나오고 네이버로 가입해도 로그인창 반복 아무것도 안됨 왜 2점대인줄 알겠네요,별표 5개 만점에 3개를 받았습니다.,2021년 12월 15일
23,배달의민족,WoowaBrothers,"결제가 안되서 2시간 동안 하다가 포기함 짜증 와이파이아니고 데이터무제한이었고, 스마트폰업뎃, 앱 삭제 후 재설치해도 안되고 고객센터 여러번 통화해도 해결되지 않아서 2시간 이상 시간버린게 아까워서 더 시간 낭비하기 답답해서 포기함. 어이가없었음.",별표 5개 만점에 1개를 받았습니다.,2021년 12월 17일
24,배달의민족,김구보이,배달하는 라이더입니다 지금 무척 힘든게 1차전달한 지점에서 2차 픽업지가 1차 픽업지 근거리로 배차하는게 너무나 어이가 없습니다 저뿐만 아니라 배민 1 라이더분들의 공통된 불만 입니다 개선이 안 되는건지 아니면 개선을 할려고 노력을 안 하는건지 답변부탁드립니다,별표 5개 만점에 1개를 받았습니다.,2021년 12월 8일
25,배달의민족,WoowaBrothers,저는 가게와의 억울한 갈등이있었는데 화도나고 어디에 호소도 못하고 이게 될까 하고 고객센터에 신고를 하니 적절하게 조치를 취해주셔서 정말 감사했어요. 물론 누가봐도 가게 태도 문제가 있었지만 소비자 입장에서 생각해주시고 제가 맘이 안풀려 자주 문의하고 했는데도 그때마다 꼬박꼬박 답변주시고 알아서 잘 해결해 주셔서 감사했습니다.,별표 5개 만점에 3개를 받았습니다.,2021년 12월 10일
26,배달의민족,이규선,아니ㅋㅋㅋㅋㅋㅋㅋ리뷰에 과일청 과일이 큼직하게 씹혀서 좋다구 리뷰하는데 그게 '씹'이 필터링 걸린다고 작성이 안되네요! 필터링 하실거면 검수도 제대로 하던가요 왜 좋은 리뷰다는것도 방해받아야하져? 배민의 주문은 음식이 대부분인데 그걸 리뷰하는데 씹다라는 단어가 아예 걸러지면 뭘 어떻게 리뷰하란건지 참... 리뷰쓰려다 기분잡치네요,별표 5개 만점에 5개를 받았습니다.,2021년 12월 11일
27,배달의민족,WoowaBrothers,"항상 잘쓰고있습니다. 근데 리뷰 공정성에대해 문제가많은것같아요. 악질 소비자들이 가게 점주 힘들게하려고 댓글과 평점을 박하게 주는것에 대해 불만이 많은걸로 아는데. 리뷰 평가 도입해보는건 어떤가요? 악성리뷰가 달렸을때 점주들은 삭제할수없어서 곤란할텐데, 배민 리뷰 평가 공간같은곳을 만들어서 올리면, 다른 사용자들이 리뷰를 보고 아 이건 말도안되는 트집으로 별점 1개를 줬다. 아니다, 이건 가게사장이 잘못했다. 이런식으로 투표해서 삭제가 되게끔 하는거죠. 이렇게 사용자들이 심심할때 리뷰 평가하면 유저들은 시간때우기도좋고 점주는 정말 ...
전체 리뷰",별표 5개 만점에 1개를 받았습니다.,2021년 12월 10일
28,배달의민족,진이,"답변에 라이더와 고객센터 이야기만 하시는데, 앱개발 및 전체 시스템이 엉망이라는 이야기 입니다 라이더가 이전 주문과 다음 주문이 꼬여 본인에게로 배달이 배정되는게 라이더 책임입니까 아니면 UX개발자 책임입니까? 환불 시스템에서 부분 취소 안되는게 고객센터 책임 입니까 결제시스템붙이는 단에서 책임입니까? 배달과 배민원과 번쩍개발이 한눈에 구분안가는게 소비자 책임입니까 앱디자이너 책임입니까? 배민 내부에서 어느팀이 헤게모니를 쥐고 끌고가시는지 모르겠는데요, 이렇게 제일 약한 고리로만 책임을 전가하는 이 태도가 배민을 구렁텅이로 몰아넣을...
전체 리뷰",별표 5개 만점에 4개를 받았습니다.,2021년 12월 8일
29,배달의민족,WoowaBrothers,"토스 이용해서 결제 하려는데 이미 존재하는 결제라면서 튕긴게 몇번인지 모르겠네요,,, 전에는 나갔다가 들어가면 되길래 그냥 썼는데 이제는 나갔다 들어가도 안되네요;;",별표 5개 만점에 1개를 받았습니다.,2021년 12월 10일
30,배달의민족,이슬기,다른 휴대폰으로 시키기 위해서 본인인증하는데 인증번호를 주지 않네요.놀랍게도 10번 이상 시도를 하였으나 계속 문자가 오지 않아서 그냥 쿠폰 버린다 생각하고 요기요로 갑니다.쿠폰보다 제 정신건강이 더 중요한것 같네요.주로 요기요를 쓰는데 배민이 왜 평점이 낮은지 알겠네요.사소한 문제가 사용자에게 상당히 크게 작용합니다.솔직히 사소한 문제는 아니긴 하지만.,별표 5개 만점에 1개를 받았습니다.,2021년 12월 10일
31,배달의민족,WoowaBrothers,"배민 앱에서 성신여대 라화쿵부 맛있어서 또 주문하려고보니 배달이 안된다고 하네요. 매장에 전화해보니 정상적으로 영업은 하더라고요. 그럼 결론적으로 어느때는 주문이 가능하고, 어느때는 주문이 안된다는 거네요? 배민 마음대로인거네요? 무슨 이런경우가 있는지.. 촴내",별표 5개 만점에 1개를 받았습니다.,2021년 12월 12일
32,배달의민족,전상세,"1점도 주기 싫네요 시켜먹을 수 있는게 많고 코로나 시대에 적합한 앱이라고는 생각하지만 앞집에 도시락집 있어서 그날 몸 안좋고 그래서 시커먹었는데 맛있어서 리뷰를 남겼거든요 너무 빨리 해서 그런지는 모르겠는데 갑자기 허위 리뷰작성/자가 리뷰 작성 으로 의심 된다면서 갑자기 리뷰를 1년이나 차단시켜버리네요 어이가 없어서 고객센터 문의하니까 돌아오는 대답은 단순 구두 주장 ㅋㅋㅋㅋㅋ 어이가 없어서 아니라고 하는데 그냥 리뷰를 막으시면 어떻게 해야할지 모르겠네요 정말 별로입니다... 리뷰도 빨리 못쓰고 ㅋㅋㅋ 제대로 알아보시고 리뷰를 막...
전체 리뷰",별표 5개 만점에 1개를 받았습니다.,2021년 12월 16일
33,배달의민족,WoowaBrothers,좋아요 좋은데 외국인은 아예 접근도 못하게 해놨네요ㅠ.....영어 버전좀 내주세요.....그리고 카드도 외국카드도 되게하면 훨씬 좋을거같아요,별표 5개 만점에 1개를 받았습니다.,2021년 12월 18일
34,배달의민족,유나현,배달팁 적은순 기능이 아무 쓸모가 없음. 배달팁 0~3000이런게 0원부터라고 맨위에 뜨는데 5만원 이상 0원 이런식이면 왜있는건지 모르겠음. 최대 배달팁 적은순 기능이 나오지않으면 있으나없으나한 기능이면서 보면 짜증만남,별표 5개 만점에 4개를 받았습니다.,2021년 12월 9일
35,배달의민족,WoowaBrothers,비마트 장바구니 체크박스 모두체크되고 풀오제는게 안되어 하나씩수동해제해여되며 잘못하여 물건선택이라도하면 다시 처음부터해야됨 어이없음 주문햇던 식당및 횟수표시되면 좋겟음,별표 5개 만점에 1개를 받았습니다.,2021년 12월 11일
36,배달의민족,seongjunbaek,"배달의민족1 사용하지 마세요. 2021.12.14 5시5분경 주문으로 커피 주문 기본 설정이 이상하게 되어있는걸 파악 못하고 주문해서 변경요청 5시 6분경 변경 신청 및 내용 전달 5시 10분까지 상담사 답장 없음 5시 10분 변경 신청 취소 후 취소 요청으로 재시도 5시 11분 취소 내용전달 이미 들어간 사항이라 취소가 안된다고 함 1분만에 배달 바로 변경요청 했는데 무시하고, 재 요청으로 취소 하니까 취소확인 한다면서 안된다고 답장 가게 연락처 등 공개가 안된다고 고객센터에서 전달 받음 말도 안되는게 가게랑 이야기 해볼 수 있는...
전체 리뷰",별표 5개 만점에 3개를 받았습니다.,2021년 12월 4일
37,배달의민족,WoowaBrothers,리뷰 중에서 특정 음식메뉴를 검색해볼수 있는 기능이 있었으면 좋겠습니다. 저는 A라는 음식에 대한 리뷰만 보고싶은데 전체리뷰에서 일일이 찾으려니 오래 걸리네요.,별표 5개 만점에 1개를 받았습니다.,2021년 12월 6일
38,배달의민족,H,배민에서 장바 구니에 담으면 분명 담았다고 뜨는데 막상 들어가 보면 또 아예 백색 칸이 뜨먼서 주문하기가 아예 뜨지를 않네요. 이거 무슨 오류인가요??? 빨리 주문하고 싶은데 주문을 수가 없으니 답답하네요,별표 5개 만점에 4개를 받았습니다.,2021년 12월 15일
39,배달의민족,WoowaBrothers,오랜만에 주문했는데 배민1로 바뀌었네요 주문 방식이 바뀌어서 불편했지만(시간 예약이 안되더라구요) 통화로 해결했습니다. 그리고 배민1 처음 주문이라 쿠폰 주는 줄 몰랐는데 늦은 배송으로 쿠폰 왔다고 해서 쿠폰 함에 들어가니 3천 원 쿠폰이 있더라고요.못 써서 아쉬워요.알림 설정이 있으면 좋겠어요.,별표 5개 만점에 3개를 받았습니다.,2021년 12월 17일
40,배달의민족,지던,배민 디자인 깔끔하고 여러가지로 쓰기 편해서 잘 쓰고 있어요!ㅠ다만 음식주문하기전에 리뷰를 꼭 보는데 무슨메뉴만 시킨게 나오고 무슨 맛을 시킨건지는 안나와서 보고 시키기가 애매하네요.. 그것까지 나오면 정말 좋을거 같아요! 이외에 B마트나 환경관련된 문제등 실천하는것도 정말 좋은것 같습니다!,별표 5개 만점에 5개를 받았습니다.,2021년 12월 14일
41,배달의민족,WoowaBrothers,"배민원 주문후 취소 안됨 배달지 변경하기위해 취소창 찾았는데 없어서, 매장 고객센터 번갈아 통화하느라 시간 다보내고 결국잘못된 배달지로 기사님 도착. 가게 사장님하고 통화해보니 점주에겐 배달주소및 고객폰번호 안떠서 취소 어려우니 고객센터 직접통화하라함. 고객센터 번호 찾아 전화 걸고 기다리는사이 조리 픽업 배달시작 문자들옴... 상담원 연결후( 상담원이 중국동포인줄... ) 상담원에게 잘못된 주소 정정 요청하는데 한참걸림(어머 어머 어뜩해만 연발 ㅜㅜ;;) 주문했던요리 우여곡절 끝에 두시간여만에 돌고 돌아(1차 배달 기사 난 바뀐 ...
전체 리뷰",별표 5개 만점에 5개를 받았습니다.,2021년 12월 16일
42,배달의민족,이수진,혹시 배민 지금 전산 오류인가요? 비번 찾기 안되고 카드등록 안되고 이러지도 저러지도 못하고 있습니다!!!!!!!!!!,별표 5개 만점에 1개를 받았습니다.,2021년 12월 12일
43,배달의민족,WoowaBrothers,별하나도 아까워 설치하기하아도 어렵고 배달을우리집11층인데 1층에배달해서1시간30분이 넘었는데안와서 친구 만나기로했는데 1시간난나는거 늦어지고 빨리먹다 체했네 배달 좀 빨리 제데로 똑바로 할수없어 별한게가 아까움 반의 반의 반의 반의 반의 반게가 남,별표 5개 만점에 1개를 받았습니다.,2021년 12월 14일
44,배달의민족,축구겜채널,동일한 카드사 카드 여러개 추가할 수 있도록 해주세요. 요기요는 여러개 등록 가능해서 혜택따라 바꿔서 결제하는데 배민은 동일 카드사 카드 바꾸려면 지우고 추가를 반복해야되서 매우 번거롭습니다.,별표 5개 만점에 1개를 받았습니다.,2021년 12월 13일
45,배달의민족,WoowaBrothers,생각하면 할수록 이해가 안되는게 배달팁? 뭐 그래 있다고 쳐. 근데 배달료를 부담하는 시스템인데 왜 거리가 아니라 가격에 따라 바뀌는거야? 그리고 내가 주고싶어서 주는게 팁이지 ㅅ새들아 이름 배달료로 바꿔 그냥,별표 5개 만점에 5개를 받았습니다.,2021년 12월 15일
46,배달의민족,이하영,주문을 잘못 넣어서 바로 취소요청했더니 상담사 연결이 되는데 상담사 연결이 많아 좀 기다림 기다리는 동안 주문요리 완료 및 배달 배차 완료되어서 주문 취소가 불가하다고 답변을 받음 주문 후 바로 취소요청을 했고 상담사와 연결이 되는중이라면 넣은 주문이 일시정지 라도 됐으면 좋겠네요.,별표 5개 만점에 1개를 받았습니다.,2021년 12월 13일
47,배달의민족,WoowaBrothers,배민 이용한지 오래됬는데 이사오고나서 전화로 자꾸 위치어디냐고 전화를 10분넘게한적도 있구요. 슬슬 스트레스 받아서 여기에라도 올립니다. 지리 잘 모르시는분이면 주문 안받게는 안되나요?,별표 5개 만점에 3개를 받았습니다.,2021년 12월 15일
48,배달의민족,박해인,텍스트가 너무 작고 흐릿한 글자도 많아서 보기 불편합니다 ! 특히 결제하러 들어가서 여러가지 텍스트를 적고 쿠폰도 적용하는 항목 말입니다 ! 그리고 배민1은 어차피 배달료 더 많이 받으면서 똑같은 음식점에서 분리된 가게의 가격이 차이가 나는 이상하고 얍삽한 상술을 쓰네요 ㅋㅋ,별표 5개 만점에 2개를 받았습니다.,2021년 12월 1일
49,배달의민족,WoowaBrothers,맛있게먹고 리뷰이벤트로 리뷰했더니 허위로 차단당함;; 전화하니까 영수증 첨부해서 이메일 보내거나 내년에 전화하면 차단풀어준다는데 누가 그걸 다하고 있는지 이해가안감,별표 5개 만점에 2개를 받았습니다.,2021년 12월 3일
50,배달의민족,명정훈,"편해서 애용했었는데 최근들어 불편해졌습니다 ㅋㅋ 1) 메뉴가 많아졌는데 감당이 안됨, 특히 원하는 가게를 검색하기 불편함. 배민1 카테고리 안에 검색 ui가 없는건 진짜 미친것같음 2) 쿠폰을 배민1에서만 사용할 수 있는 이벤트를 하는데 관련가게 노출에 배민1이 아닌 가게도 노출시켜서 혼동이 옴 사실 2번때문에 개빡쳐서 리뷰적으러 온게 가장 큽니다. 제가 개발자는 아니지만 이 정도는 솔직히 내 주변 가게 노출 관련 로직 조금만 건드려도 쉽게 고칠 수 있을 것 같은데............ 어떻게 좀 해주시면 좋겠습니다.",별표 5개 만점에 1개를 받았습니다.,2021년 12월 15일
51,배달의민족,WoowaBrothers,"""잠깐 이 주소가 맞나요?"" 물어보는 조건이 뭐죠 어째서 까먹고 있을땐 알려주고 바꿔야하는걸 알고있을땐 안나오는건가요",별표 5개 만점에 2개를 받았습니다.,2021년 12월 17일
52,배달의민족,이승훈,"안녕하세요! 잘쓰고있는 사람입니다, 혹시 달 구독서비스를 만드는게 어떠한가요..? 한달 마다 만원?이만원 주고 배달비를 안받는? 그런 달 서비스가 있으면 정말 편할거 같아요!! 그래도 지금 현제로서는 이거 말고는불편한게 없어요!! 감사합니다~",별표 5개 만점에 4개를 받았습니다.,2021년 12월 11일
53,배달의민족,WoowaBrothers,저희집이 시골이라 시내하고 거리가 상당한데 멀리있음 주문이 안들어 가지네요...ㅠ 정상인가요 메가커피 먹고싶은데 주문불가ㅠ,별표 5개 만점에 3개를 받았습니다.,2021년 12월 13일
54,배달의민족,박소윤,주문내역이 갑자기 하나도 안 뜹니다. 앱 삭제하고 다시 까는 등도 해봤지만 해결이 안되네요,별표 5개 만점에 1개를 받았습니다.,2021년 12월 15일
55,배달의민족,WoowaBrothers,잘만쓰고있는데 오늘 무슨 날인가요 가게 3개가 안내 전화같은것도 없이 일방적으로 주문 취소해버리네요. 이건 무슨경우인지 진짜 싸가지를 말아드셨나. 앱도 다시 쓸일 없을 것 같습니다.,별표 5개 만점에 2개를 받았습니다.,2021년 12월 17일
56,배달의민족,정현욱,"배민 라이브때 양념육 주문하고 결제를 하려고 하니,기존에 등록되어 있던 결제방식이 아니고 카드결제만 떠서, 계좌 재등록했는데도 카드로만 결제가 되서, 어쩔수 없이 신용카드 결제했네요. 원래 이런 시스템인건가요?? 다음 결제시 고민되네요",별표 5개 만점에 1개를 받았습니다.,2021년 12월 5일
57,배달의민족,WoowaBrothers,아니 잘쓰던 카드가 초기화된거부터가 짜증이 솟구치며 혼자 욕을 욕을하면서 다시 등록하는데 완료됐다고해서 보면 계속 등록이 안됨 짜증으로 진짜 욕을 얼마나한지 모르겠네요 애꿋은 폰만 집어던질뻔 배민페이 등록으로만하니 등록되는데 어떻게좀해봐요,별표 5개 만점에 1개를 받았습니다.,2021년 12월 7일
58,배달의민족,정유석,리뷰를 왜 업체에서 숨길 수 있게 하는건가요??? 고의적인 악성 리뷰도 분명 존재할테지만 전 제 돈으로 사먹었는데 또 정확히 작성하기 위해 리뷰이벤트 신청도 안하고 현상 그대고 음식 퀄리티가 너무 낮아 낮은 별점과 그 이유를 적었습니다. 제 리뷰에 비속어라도 있으면 모를까 그것도 아닌데 내려진 이유가 납득이 안되네요?? 다른 이용자들은 리뷰 이벤트를 받고 올린 좋은 글들만 도배된 것에 속는건 옳은건가요??,별표 5개 만점에 1개를 받았습니다.,2021년 12월 17일
59,배달의민족,유에나,첨엔 할인 쿠폰 천원씩 주다가 배불렀는지 이제 첫결제만 할인.. 배달비는 다 올려놓고 요기요는 5천원 할인은 기본인데 그냥 요기요로갈게요,별표 5개 만점에 1개를 받았습니다.,2021년 12월 10일
60,배달의민족,WoowaBrothers,다 좋은데 주문 받아놓고 갑자기 주문취소 하는 사장님들 관리좀 했으면 좋겠음. 주문 받았길래 기다리고 있었더니 대뜸 주문 취소 해서 다시 주문 해야 하고 번거롭고. 전화로라도 양해구하고 주문취소하던가 아니면 애초에 주문을 받지를 말던가 받아놔서 사람 기다리게 해놓고 주문 취소 해버리는건 무슨 경우인지.,별표 5개 만점에 1개를 받았습니다.,2021년 12월 12일
61,배달의민족,장예림,배달을 시키는데 요즘 뭐 하나계속 빼서오는군요?? 도대체 관리를 어따구로하길레 자꾸 이러는거에여? 한번은 배달안왔는데 계속왔다고 우겨서 1시간이나 싸웠네여 이렇게 안나온메뉴만 합쳐도 한 3만원이상 안온거같네여 라이더든 가게든 관리좀 똑바로하세요,별표 5개 만점에 5개를 받았습니다.,2021년 12월 17일
62,배달의민족,김동현,지금 진행하고있는 허위리뷰 시스템이 정말 배민에 도움이 된다고 생각하고 계신건지 의문입니다. 열심히 사용하던 사용자들을 모두 떠나게 만드는 최악의 시스템입니다. 의도하는 바가 무엇인지는 알겠으나 세부적인 사항 및 관리가 아주 형편없네요. 정확한 사유도 알수없고 소명을 해도 소명하라는 앵무새같은 답변만 돌아옵니다. 많은 사람들의 불만을 다 들어야하는 고객센터 상담사 분들은 무슨 죄인가요. 욕도 아깝습니다.,별표 5개 만점에 1개를 받았습니다.,2021년 12월 11일
63,배달의민족,WoowaBrothers,왜 인증번호가 안 오나요 지금 20번째 시도중.... 앱 깔고 지우고 5번시도 함. 내 번호 확인 3번함.,별표 5개 만점에 1개를 받았습니다.,2021년 12월 13일
64,배달의민족,라리사,"아니... 어플 시스템에 문제가 있는거면 추후 수정하겠다고 배민페이는 결제가 가능하니 불편하시더라도 한동안 사용해달라고 하면 되는걸 어플 다시 깔아보라고 하고 카드등록 안먹혀서 몇번 다시 해본걸 또 하라고 하고 카드사에 전화해보라고 하고 뭡니까 진짜? 아침에 출근전에 밥 시켜먹고 가려했더니 3,40분동안 폰만 붙들고 있게 하네요. 일단 문제 내용을 들었으면 관련해서 뭘 찾아보는 척이라도 하든가 이런 문제가 없었다면서 리뷰에는 12/3일에 같은 카드 등록 문제로 리뷰가 올라와 있네요. 계속 문제 회피하고... 배민페이 쓰게하려고 수라...
전체 리뷰",별표 5개 만점에 1개를 받았습니다.,2021년 12월 14일
65,배달의민족,WoowaBrothers,등급별 혜택이 너무 적네요 그리고 많이 주문했는데도 왜 여태 고마운분 등급에 머물러있는지...!,별표 5개 만점에 1개를 받았습니다.,2021년 12월 16일
66,배달의민족,강태욱,제발 배달예상시간알림보내고난뒤 1분동안이라도 시간확인후 주문취소할수있는 취소기능좀 추가해주세요,별표 5개 만점에 3개를 받았습니다.,2021년 12월 14일
67,배달의민족,WoowaBrothers,왜 로그인이 안되죠? 자꾸 부모님동의 하래서 했는데도 안되고요 로그인하나하는데 무슨 문제가 왜이렇게 많나요 로그인하다 빡쳐서 그냥 요기요로 넘어갑니다,별표 5개 만점에 3개를 받았습니다.,2021년 12월 16일
68,배달의민족,hw S,배민은 판매자들 때문에 일등 유지하는거지 요기요가 수수료 정책 손보는 순간 순식간에 나락갑니다. 아마 3년내에 그리 될 거 같아요.,별표 5개 만점에 1개를 받았습니다.,2021년 12월 8일
69,배달의민족,WoowaBrothers,양쪽 입장 생각할 줄 모르고 냅다 신고접수해서 사람 하나 나쁜 사람 만드시네요... 안 그래도 배달 횟수 너무 많은가 했는데 덕분에 시원하게 앱삭제하고 다른 플랫폼으로 갈아탑니다. 고맙습니다. 문의 같은 것도 애정이 있어야 하는 거예요.,별표 5개 만점에 1개를 받았습니다.,2021년 12월 10일
70,배달의민족,Henterd Fredric,앱은 잘 사용하고 있습니다.다만 가끔 배달하시는 분이 배달을 제대로 않하고 하는경우가 있습니다.,별표 5개 만점에 1개를 받았습니다.,2021년 12월 12일
71,배달의민족,WoowaBrothers,모든 음식점을 종합적으로 보고싶은데 이러한 기능이 없네요 추가할 생각이 없는건가요?,별표 5개 만점에 4개를 받았습니다.,2021년 12월 14일
72,배달의민족,휴고향수,제가 위치도 켜놓은상태에서 안양시에 놀러왔는데 왜 주문은 창원에있는 식당으로 연결이되죠?? 주문을하고 주문확인하니깐 경남 창원시에 주문이 들어갔다고 하는데;; 돈날린것도 문제긴한데 뭐죠 이게??? 어떻게 관리를 하고있는건가요???,별표 5개 만점에 1개를 받았습니다.,2021년 12월 8일
73,배달의민족,WoowaBrothers,피자를 시켰는데 사진과 전혀다른 피자가 옴 도어도 다르고 내용물도 다르고 사진이미지를 그거로 했으면 주문안했는데 사기당한 기분이라 기분드럽네요 일부러 기분낸다고 비싼피자 시컸는데 업체 관리좀 해주세요 상당히 지금 불쾌하네요 사장한테 말하니 도어가 다를수 있다? 왜 첨부터 공지를 안하셨는지 암튼 기분드러움,별표 5개 만점에 1개를 받았습니다.,2021년 12월 10일
74,배달의민족,굠굠,주문을 아예시킬수가없는데요 카드결제아예안되고 그 이유도 알려주지않음. 리뷰읽어보니까 저같은사람 또 있고 배민페이를 해야만 결제가되는거같은데 그걸 여기까지와서 알아야하나 ㅋㅋ 공지를 띄워주던가 뭐하는지 완전진짜 최고의앱^~^,별표 5개 만점에 1개를 받았습니다.,2021년 12월 5일
75,배달의민족,WoowaBrothers,"위치기반서비스 믿고 항상 잘 이용했는데 엉뚱한 주소로 잡혀 음식도 늦게 와서 다 식어버리고 추가 배달팁 기사님에게 9,000원 지불하고.. 아.. 배민 위치기반서비스 때문에 피해 본건데.. 고객센터 직원은 ""가끔 오류가 납니다""그럼 공지를 하던가 아니면 위치기반서비스를 하지 말던가..",별표 5개 만점에 5개를 받았습니다.,2021년 12월 7일
76,배달의민족,k나나,잔액 환불 고객센터에 전화 안 하고 모바일로 할 수 있으면 편할 것 같습니다.,별표 5개 만점에 1개를 받았습니다.,2021년 12월 8일
77,배달의민족,WoowaBrothers,쿠폰 자동적용은 당연한거 아닌가요 ㅋㅋ 일부로 적용안되게 해놓은게 느껴지는데 이제 요기요 쓴다 짱나,별표 5개 만점에 3개를 받았습니다.,2021년 12월 6일
78,배달의민족,Google 사용자,내가 쓴 리뷰는 왜 삭제하냐? 날씨 춥다고 주문을 막으면 무슨 배달앱이냐? 비오고 추우면 배달비 아끼려고 가까운 가게만 주문되게 막는거 모를 줄 아나?,별표 5개 만점에 1개를 받았습니다.,2021년 12월 5일
79,배달의민족,WoowaBrothers,다 좋은데 업체 블랙리스트 기능 좀 만들어서 사용자가 블랙리스트에 추가한 업체가 사용자에게 안보이는 기능이 있었으면 좋겠네요 ㅋㅋ 리뷰에 속아서 가끔 피보는데 업체들 하나하나 기억하기가 힘들어요.,별표 5개 만점에 1개를 받았습니다.,2021년 12월 7일
80,배달의민족,문준성,너무 좋지 않고 불편한 부분이 결제할때 부터 시작해 오류가 너무 많아요.,별표 5개 만점에 4개를 받았습니다.,2021년 12월 15일
81,배달의민족,WoowaBrothers,배인로그인페이지를 확인해주세요 이문구가 5초단위로 뜹니다 왜이런거가요,별표 5개 만점에 1개를 받았습니다.,2021년 12월 17일
82,배달의민족,엄태정,제발아라라라ㅏ라라 일회용품 안주셔도 되요 그기능 없애주면 안되요? 그거 맨날 까먹는 제가 멍청한건 맞는데 맨날 손가락으로 밥먹어요 제가...,별표 5개 만점에 1개를 받았습니다.,2021년 12월 10일
83,배달의민족,WoowaBrothers,카드 바로 결제 하는 거 렉 걸려서 시킬 때마다 번호 입력하는 오류 좀 고쳐주세요,별표 5개 만점에 1개를 받았습니다.,2021년 12월 12일
84,배달의민족,댕댕이,오랜만에 배달시켜 먹으려니 갑자기 로그아웃 돼있고 그거땜시 리뷰 남기려고 로그인 했더니 로그인 안하고 배달시킨거랑 연동이 안되더라구요? 그거때매 강제 리뷰이벤트 먹튀해버렸슴다;,별표 5개 만점에 2개를 받았습니다.,2021년 12월 15일
85,배달의민족,WoowaBrothers,메뉴판 가면 항상 배달팁 낮은 순으로 정렬하기를 하는데요. 다 '0~' 이렇게 뜨고요. 눌러보니 결국은 0~4000원. 이건 그냥 속이겠다는거 아닌가요ㅋㅋ 제발 정직하게 할 수 있도록 아예 메뉴판에 설정한 가격 그대로 나오게 해주시고 배달료 최고점에 따라서 정렬될 수 있도록 고쳐주세요.,별표 5개 만점에 3개를 받았습니다.,2021년 12월 17일
86,배달의민족,GA SI,지역카드는 비대면 결재가 안되네요. 어플내에서는 비대면 결재를 권장한다면서 지역카드 사용은 만나서 결재밖에 안된다는게 앞뒤가 안맞네요..,별표 5개 만점에 1개를 받았습니다.,2021년 11월 30일
87,배달의민족,WoowaBrothers,안녕하세요 잘 쓰고 있는 사람입니다 배민에 요청사항이 있는데요 배민 1이라고 기사 1분이 제쪽에만 배송시켜주는 그거요 그거로 시키면 다른 가게도 주문할 수 있게 해주시면 않될까요? 이삭토스트랑 쥬씨 시켜먹고 싶은데 각각 따로 주문하기 번거로워서요,별표 5개 만점에 1개를 받았습니다.,2021년 12월 2일
88,배달의민족,복자,아무리 배달시켜 먹어도 포인트1원 한닢 적립안되는...포인트가 있는줄도 여태 몰랐음 ㅎㅎ,별표 5개 만점에 5개를 받았습니다.,2021년 12월 8일
89,배달의민족,WoowaBrothers,큰 아이콘이 한눈에 잘 보여서 업뎃을 늦게했는데 바꾸고 나니 너무 아이콘들이 작아져 보기가 너무 불편해졌어요 크게 바꿀 수 있는 설정이 따로 없나요 ?,별표 5개 만점에 1개를 받았습니다.,2021년 12월 10일
90,배달의민족,arijona oi,수수료라는 명목으로 얼마를 먹는걸까 10분거리인데 배달비가 5천원이란다ㅋㅋㅋㅋ 기본 배달비 3500원에 추가로 배달원분에게 직접 1500원을 더줘서 5000원씩이나 내가 고른 메뉴의 총가격은 8000원인데 이게 맞냐? 최저인금 생각해도 5000원은 무슨ㅋㅋㅋ 중간에서 중계비로 500원만 가져가도 통장에 잔고가 넘치겠다. 가게 주인분들이 좋으면 뭐하니 배달앱이 악덕인데,별표 5개 만점에 4개를 받았습니다.,2021년 11월 30일
91,배달의민족,WoowaBrothers,배달1 배달권역지역아니면 가게좀 안뜨게해주세요 급하게 시켰는데 몇번 전화와서 취소하니 진짜 진빠져요...,별표 5개 만점에 1개를 받았습니다.,2021년 12월 2일
92,배달의민족,이지은,"오늘 회원 탈퇴했어요. 한달에 30번을 시켜먹는다고 할 정도로 거의 매일 매일 이용 중인데 갑자기 리뷰차단이 됐네요. 애초에 리뷰 같은 거 많이 쓰지도 않았고 너무 맛있거나 서비스가 좋거나 하면 가끔 리뷰남기는데 그 중에서 내가 허위로 리뷰를 적었다는 황당한 소리를 들었습니다 ㅋㅋㅋ 너무 어이없어서 항의를 했더니 증명을 해야 리뷰차단이 풀린다고 하길래 진짜 개빡쳐서 은행 어플로 돈 나간거 다 캡쳐해서 보냈더니 그걸로는 증명이 안된다고 자꾸 실물 영수증? 그리고 실제로 먹었다는 걸 증명해야한다고 댕소리를 하는거에요 ㅋㅋㅋ 리뷰차단도 ...
전체 리뷰",별표 5개 만점에 2개를 받았습니다.,2021년 12월 17일
93,배달의민족,김지담,"배민원 시켰는데 라이더가 50분이 넘도록 같은자리에 계속있길래 고객센터 전화해 봤더니 라이더가 연락이 안된다고 하네요 ㅋㅋㅋ 살다살다 호날두 노쇼는 들어봤어도 배달원한테 노쇼를 당할줄이야 ㅋㅋ 그래서 결국 기다리다가 취소 했는데 죄송한 마음에 쿠폰 2천원 준다고 하네요 ㅋㅋㅋㅋ 할인쿠폰2000원 ?ㅋㅋㅋㅋ 1시간 기다렸는데요?ㅋㅋㅋ 진짜 어이가 없네 일반 배달도 아니고 배민에서 고용한 라이더가 배달하는 배민원 시켰는데 어이가 없어서 ㅋㅋ 괜찮다고 안받는다고 했습니다 배민원 운영하실 거면 제발 운영체계좀 똑바로 만드시고 운영하시길 바...
전체 리뷰",별표 5개 만점에 1개를 받았습니다.,2021년 12월 5일
94,배달의민족,WoowaBrothers,노랑통닭은 포장 되는 곳이 없는데 포장 쿠폰 사기 아닌가요. 업체랑 얘길하고 이벤트라고 하셔야지ㅋㅋ누굴 위한 이벤트죠?,별표 5개 만점에 1개를 받았습니다.,2021년 12월 7일
95,배달의민족,김소연,배달이 와서 밥 먹고 리뷰 빨리 쓰고 해치우고 싶은데 배달완료가 며칠 뒤에 되는 경우가 있어서 너무 귀찮네요. 주문자가 임의로 완료 버튼 누르고 리뷰 쓰게 할 수 있움 좋겠어요,별표 5개 만점에 2개를 받았습니다.,2021년 12월 13일
96,배달의민족,WoowaBrothers,배달주소 변경할려해도 안되네 기타 눌려도 기존배달주소만되고 변경불가로 앱삭제함,별표 5개 만점에 1개를 받았습니다.,2021년 12월 15일
97,배달의민족,김Bohee,갑자기 허위리뷰로 리뷰쓰기가 차단됫다고 1년동안 리뷰가 차단됬어요. 영수증 첨부하래서 했더니 1년이 경과되서 풀어준다하더라고요? 차단된 이유좀 알려달라니까 알려줄수가없다? 너무 억울하네요. 내돈주고 내가사먹고 도둑취급 당하는 기분이네요. 사과 한마디없이 상담사도 챗팅 상담사도 둘다 응대 뭐같이 하네요,별표 5개 만점에 1개를 받았습니다.,2021년 11월 26일
98,배달의민족,WoowaBrothers,같은 가게가 깃발을 여러개 꼽아서 그런진 모르겠지만 중복가게가 너무 많이 보여서 덕분에 가게리스트 가독성이 스팸광고마냥 매우 떨어짐. 동일가게는 1개만 보이게 필터링기능 추가안하는지? 똑같은가게가 3~5개씩 여러곳이 보이니깐 정상영업하는 가게 찾으려면 스크롤 엄청내려아되니 보기가 싫어질정도,별표 5개 만점에 1개를 받았습니다.,2021년 11월 28일
99,배달의민족,Violet Crown,"배민이용하지 마세요 갑자기 로그아웃되서 로그인 하려는데 로그인이 안되서 아이디 찾기 및 비밀번호 찾기를 했는데 회원정보가 없다고 나옵니다. 이메일로 해당 내용을 보냈으나 성의없는 맨트의 비밀번호 찾기메뉴 들어가서 찾으면 된다고 해서 또 같은짓을 했지만 또 안돼서 전화를 했습니다. 그러나 그저 로보트같은 성의 없는 답변 회원정보가없어서 해결을 못해주겠다는 말만 반복합니다. 배민카드에 현금충전까지 해논 상태인데 그부분에 보상도 받기 힘드네요 소비자 보호원에 신고 한다니 알아서 하라는 식으로 그렇게 하라네요. 감정없는 그저 같은톤의 답변...
전체 리뷰",별표 5개 만점에 1개를 받았습니다.,2021년 12월 5일
100,배달의민족,WoowaBrothers,주문자 입장에서 장점은 등록된 가게가 가장 많다는거였는데 배민에 없어진게 꾀있어요. 폐업도 안하고 정상 운영하는 단골집이 배민에서 사라졌길래 물어보니 수수료때문이라더군요. 배달앱이 잘돼서 좋은건 과연 누구인가 싶네여~ 배달앱? 라이더? 다들 볼맨 소리들 하지만 정직한 업주나 호구개인이 부담을 지고 가는거 같네요.. 걍 손절하고 싶어도 길들여지는게 무섭죠~ 배민1은 일반배달과 차이점을 모르겠어요. 케바케이지만 인성 이상한 라이더도 많고 배달비나 음식값은 덕분에 너무 상승해버렸어요. 결론은 이걸 왜 쓰고있냐 모르겠다네요,별표 5개 만점에 1개를 받았습니다.,2021년 12월 7일
101,배달의민족,볼 프 강아마데우스,리뷰볼때 해당 메뉴에대한 리뷰를 따로 볼 수 있게 해주시면 더 좋을 것 같아요.,별표 5개 만점에 1개를 받았습니다.,2021년 12월 9일
102,배달의민족,WoowaBrothers,배달 시켜먹을때 여기로 시켜먹는데 아직까지는 안 좋은점은 없는 거 같아요 !!,별표 5개 만점에 4개를 받았습니다.,2021년 12월 11일
103,배달의민족,WHYIN소믈리에,"시스템이 뭐 어따구로 생겨먹었는지 이때까지 잘만 써먹다가 갑자기 리뷰를 허위리뷰 처리하고 차단박음. 그거 풀려고 하는데 절차도 복잡함. 아니 남은건 그쪽네에 저장된 결제내역이랑 내부영수증이 전부인데 겨우 소명자료 보냈더니 뭘 더 원하는건지 객관적으로 음식 취식했다는 자료 달라고 튕기네 ㅋㅋ. 아니 뭐 있지도않은 취식영상까지 만들어서 바쳐줘야하냐?차단기준도 이해할수없지만 푸는 기준이 도대체 뭐야ㅋ. 그동안 엄청 이용한 장기고객을 이따구로 처리하는 모양새보면 이제 손절해야하나 싶기도 하고.내가사는지역이 다른어플도 다양했으면 진작에 그러...
전체 리뷰",별표 5개 만점에 5개를 받았습니다.,2021년 12월 4일
104,배달의민족,WoowaBrothers,"가입후첫주문10000원할인쿠폰/첫주문모든치킨15000원할인쿠폰>배민라이더를이용하는매장만 가능,고로적용가능매장이거의없음,하단설명엔그러한내용이전혀없음 선물하기,비마트등만적용안된다고써이씀.고지부족으로 괜히 가입해서 진빼게 만들지마세요.",별표 5개 만점에 1개를 받았습니다.,2021년 12월 6일
105,배달의민족,Kyong-Hee LEE,"한창 배민 잘 사용하다 요기요로 갈아타고 느낀점 평을 남기자면 대부분 업소 위주의 UX 디자인 이라는게 눈에 훤히 보임 배민 UX디자인 팀은 요기요 들어가보고 반성좀 하세요 다시 배민 어플 이 1등 하고자하는 맘이 있다면 말이죠ㅋㅋㅋㅋ 없는거같지만 -----답변글 보고 제 의견이 잘못전달된거같아 확실하게 말씀드립니다. UX 반영하여 UI 배치는 괜찮아요 제가 말한건 UX의 구성적인 요소로 말을 한건데 포장관련에서는 문제 없다고 생각합니다. 배달 같은 경우 대부분 업소들이 10~20만원 이상 구매시 배달료 0원 으로 설정하고 소비자는...
전체 리뷰",별표 5개 만점에 1개를 받았습니다.,2021년 12월 9일
106,배달의민족,WoowaBrothers,"아래에도 의견 있듯이 ""최대 배달팁이 낮은 순""으로 정렬하기 기능 추가 필요해보입니다. 배달팁 0원~4500원 이거 진짜 빡치는게 무조건 1000원인 가게가 5만원이상 주문안하면 4500원인 가게에 밀리는데 이게 소비자 편의성에 맞다고 생각하진 않으시잖아요? 일부러 배달팁 적게 받는 가게한테도 손해고요.",별표 5개 만점에 1개를 받았습니다.,2021년 12월 11일
107,배달의민족,으휴어휴,배민1으로 시킬때마다 예상시간이 자기들 멋대로 늘어남. 라이더 위치도 실시간으로 안잡히고 도착해서도 라이더위치는 가게근처로 변동없음. 고객센터 문의하니 처음 안내한 시간보다 7분후가 도착시간으로 되어있고 배달은 3분전 완료했다며 아무문제 없다함. 내 어플이 이상했던거라는데 오늘도 똑같음. 어플이 이상하면 당신들이 손을 봐야지 뭔 헛소리를 하는지 ㅉㅉ,별표 5개 만점에 1개를 받았습니다.,2021년 12월 3일
108,배달의민족,WoowaBrothers,평상시 자주 애용하는 앱입니다만 공유주방으로 한 업체가 모든 카테고리를 독점하다시피 해버리니 이만저만 불편한 게 아닙니다. 어느정도 생성할 수 있는 한계선이 있어야 하는데 최소주문비 등 가게 정보 찾아보면 모두 한 업체... 등록 광고 수수료를 한 가게당 받으시는 입장에선 효율적이겠지만 소비자 입장에서는 불편하기만 합니다. 이후로 공유주방 가게들부터 거르는데 한 세월이 걸리니 해당 앱 사용하기가 꺼려지네요,별표 5개 만점에 1개를 받았습니다.,2021년 12월 5일
109,배달의민족,Dongmin Kang,아니 고객센터는 대체 왜 있는거에요? 상담사 연결 원할때 단 한번도 상담사랑 연결된적이 없어요. 음식에 문제가 있어서 문의하는게 대부분인데 음식은 식어가고 상담사 통화할려고 15분넘게 대기 해야하는데 걍 지쳐서 먼저 끊고 가게에 직접 전화에 문의합니다.,별표 5개 만점에 1개를 받았습니다.,2021년 12월 8일
110,배달의민족,WoowaBrothers,우리집 부평2동인데 여기gps는 3동으로 잡혀서 배달료 몇천원씩더받아요 아 진짜짜증나네요,별표 5개 만점에 1개를 받았습니다.,2021년 12월 10일
111,배달의민족,김가영,배달취소면 바로연락을줘야지 가게 에서도 몰랐다고하고 2시간지날때동안 배달취소는커녕 지연이라고 상담봇에서 얘기하는게 맞는겁니까? 기다린 시간 보상은 누가해줍니까? 음식 공짜로 먹는것도 아니고 돈내고 시간내는건데 당장 이런 오류는 고쳐주세요 저 같은 피해자가 나오는것도 문제입니다.,별표 5개 만점에 1개를 받았습니다.,2021년 12월 10일
112,배달의민족,WoowaBrothers,'찜'에도 카테고리별로 분류하는 기능이 있었으면 좋겠어요,별표 5개 만점에 1개를 받았습니다.,2021년 12월 12일
113,배달의민족,아미,왤케 나댐? 음식이 15000원도 안 되는데 배달비가 5000원인 건 무슨 개떡같은 경우이며 비대면결제만 가능하다는 건 뭔 개소리임? 카카오뱅크 미니 계좌 쓰는 학생들은 그럼 시키지를 못하고 배달이 아니라 포장. 즉 내가 가지러 간다고 해도 거기서 계산이 안 됨 나이든 분들은 계좌 연동 당연히 안 돼 있을텐데 개빡치게 무슨 자신감으로 이럼? 대면 결제가 코로나에 문제가 됐다는 기사 한 번도 본 적이 없는데 쓸 데 없는 짓 하네,별표 5개 만점에 5개를 받았습니다.,2021년 12월 5일
114,배달의민족,WoowaBrothers,리뷰 삭제하지 마시구요 원래 되던 기능인데 안됩니다... 해결좀 해주세요,별표 5개 만점에 1개를 받았습니다.,2021년 12월 7일
115,배달의민족,Meier Lord,1점 말고는 못줍니까? 클린리뷰인지 뭔지떠서 검색해봤드니 한가게에만 리뷰를 지속적으로 달면 어뷰징으로 판단한다고요??ㅋㅋㅋ 이게 배민에서 말하는 공정성인가요 클린리뷰떠서 가게 사장님께 보여줬더니 오히려 죄송해하는데 이런 시스템자체가 자영업자들과 가게 단골사이를 불편하게 만든다는 사실을 모르세요?,별표 5개 만점에 2개를 받았습니다.,2021년 12월 9일
116,배달의민족,WoowaBrothers,아 진짜 어이가 없어가지고... 5~6번 배달 지연으로 전화나 문자없이 일방적 주문 취소당해 가게에 전화하니 받지도 않아..어이가 너무 없어서 상담원 연결을 통해 설명했더니 가게랑 통화해본다고 하고 가게 입장만 주구장창 시부립니까 그래서 도와줄수 있는 부분 없냐니까 없대 ㅋㅋㅋ전화받는 지도 어이가 없었는지 불만 접수는 해드리겠다고 .. 잘 돌아갑니다 증말 ㅋㅋ 그런가게는 최소한 패널티든 단절이든 뭐든 해야 정상이지 상담원 태도 보니 왜 그런가게들이 천지인지 알겠네요,별표 5개 만점에 1개를 받았습니다.,2021년 12월 11일
117,배달의민족,BoKyeong Jeong,다름이아니라 제가 배달의민족에서 음식을 주문했는데 취소누른적도없는데 갑자기 주문취소가 되서 당황스럽네요 저는 취소한적이 없는데 고객요청으로 취소가되어있던데 좀 어이없네요 아니 업체에서 주문취소신청이되면 이해는되는데 갑자기 고객요청으로 주문취소라니 어이없긴하네여,별표 5개 만점에 1개를 받았습니다.,2021년 12월 15일
118,배달의민족,WoowaBrothers,2년째 잘쓰고 있는데 다들 평가가 박하네요 엄청 편리하고 좋아유,별표 5개 만점에 4개를 받았습니다.,2021년 12월 17일
119,배달의민족,심의선,"배민의 UI/UX나 정책이 참 이상합니다. 같은가게임에도 불구하고 배민원과 그냥 배달로 두개로 나누어서 띄우는게 맞나요? 고객도 헷갈리고 자영업자들도 헷갈립니다. 오롯이 담당자만 편한 방법을 선택해서 서비스를 결정하고 그걸 의사결정한 리더도 이해하기가 어렵네요... 심지어 배민원을 만들고 배달구역을 지역구단위로만 설정할 수있다는게 말이되나요 ㅎㅎ 5분도 안걸리는곳에서는 배민원으로 배달이 안되고 30분가야 되는 같은 지역구는 배달가능지역이라는게 황당합니다. 리뷰보시는 담당자님 부디 글만 적지마시고 관련부서에 꼭 이러한 의견을 전달해주...
전체 리뷰",별표 5개 만점에 5개를 받았습니다.,2021년 12월 13일
120,배달의민족,WoowaBrothers,"제 리뷰 왜 삭제하셨나요? 저 정말 억울합니다. 배민1 쿠팡이츠처럼 한번에 한집만 온다고 해서 주문했는데 1시간이 넘도록 계속 23분 더 걸린다고 6번을 갱신하다가 저녁시간 다 지난 밤 9시경에 취소하려니까 가게와 직접 연락도 안되고 모든 상담원이 상담중이라고 20분 넘게 컨택도 안되고. 지도 어플에서 가게 전화번호 가까스로 찾아서 전화하니까 배민에서 배차가 되어야 조리가 들어간다네요. 저녁시간 다 지나서 전화온 상담원이 무슨 죄가 있겠느냐 싶어서 화내려다가 참았는데. 이렇게 시간 다버리고 배 곯은 대가가 3천원 쿠폰이라네요 ㅋㅋㅋ...
전체 리뷰",별표 5개 만점에 1개를 받았습니다.,2021년 12월 15일
121,배달의민족,도치,"중국집까지 배달료만듬~ 편하긴해요~^^시대 흐름이겠지만, 중국집의 매력이 1인분도 된다..배달료 없다였는데.. 생겼다는거죠~^^중국집스럽지 않아졌어요ㅋㅋ",별표 5개 만점에 1개를 받았습니다.,2021년 12월 5일
122,배달의민족,WoowaBrothers,주문한 메뉴는 도착도 안했는데 배달완료로 뜨고 고객센터는 전화를 받지도 안고 음식 주문해놓고 1시간 30분을 기다렸는데 이럴꺼면 배민 1이 있을 필요가 있나요? 배달의 민족은 믿고 걸러야 겠네요,별표 5개 만점에 2개를 받았습니다.,2021년 12월 7일
123,배달의민족,은별,기사가 그냥 여러곳 갔다오느라 다 식은 치킨 먹었습니다 이런 게 한두번도 아니고요 교통 혼잡 그딴 거 아니고 그냥 여러개 픽업해서 여러곳 갔다오느라 늦게 오는 거겠죠 그냥 이 앱 쓰지 마세요 다 식은 거 오면 책임은 누가 지는 거임 대체? 이건 본사에서 기사들 대상으로 교육해야 해결될 문제입니다 전 이제 이 앱 안씁니다~ 매크로 답변 할 거면 답글 달지 마세요,별표 5개 만점에 1개를 받았습니다.,2021년 11월 30일
124,배달의민족,WoowaBrothers,배민1은 쓰지마세요. 배달시간 20분은 무슨 라이더안잡혀서 음식 다식고 다시만들어서준다고하면 다시받을땐 1시간30분지나는데 이시간이면 그냥 일반으로 시키는게 더빠르겠네. 우리할머니가 배달해도 이거보단 빨리오겠다.,별표 5개 만점에 1개를 받았습니다.,2021년 12월 2일
125,배달의민족,부진장강곤곤래,다좋은데요~ 주문해먹고 음식이 입맛에 안맞았을때 소비자만볼수있게 체크해놀수있는 기능이있었음좋겠어요 리뷰를잘안쓰니까 별로였던거기억못하고 또시켜먹은적이 은근많아서요~구지리뷰안쓰고 거를수있으면 주관적인 안좋은리뷰도 어느정도 없어질것같아요. 참고해주세요~,별표 5개 만점에 1개를 받았습니다.,2021년 12월 17일
126,배달의민족,ᄃᄋ,"참나 어이가 없어서 ㅋㅋㅋㅋ배민 진짜 많이 쓰고 최고등급이었는데 번쩍배달이라더니 미팅있어서 시간보다 한 10분 늦어도 상관 없었는데 실제 써져있는 최대시간보다 2.5배정도 늦게 온 것은 물론이고 취소 해달라 했더니 오래~~걸려서 그 사이에 무작정 픽업해서 배달 하시고 그냥 하 좋게 생각할랬는데 아무리 생각해도 기분이 구려서 리뷰 썼더니 그 가게에서 가리네요 뭐가 이렇게 자기들 마음대로인지 ㅋㅋㅋㅋ뭐 인터넷에 나온 악성리뷰들은 안가리고ㅋㅋㅋ 제가 줌 미팅 있어서 시간 보다 늦게왔어도 그래도 몇입이라도 먹을 수 있을 줄 알았는데 17붕...
전체 리뷰",별표 5개 만점에 4개를 받았습니다.,2021년 12월 10일
127,배달의민족,WoowaBrothers,쿠폰적용안돼요 조건 해당되고 금액도 채웠는데 그냥 쿠폰이 아예 안떠요 업뎃안해서그런가 업뎃해봤는데 똑같네요 +아예 쿠폰 적용 들어가면 있는 쿠폰이 조회가 안된다는 뜻인데.. 원래는 적용 안되는 쿠폰도 보여지잖아요? 사용은 못해도??,별표 5개 만점에 1개를 받았습니다.,2021년 12월 12일
128,배달의민족,맛둥이,배민로그인 페이지를 확인해 주세요 라는 메세지가 끊임없이 5초마다 화면에 뜹니다. 미치겠네요 어떻게 좀 해 주세요ㅜㅜ,별표 5개 만점에 2개를 받았습니다.,2021년 12월 1일
129,배달의민족,WoowaBrothers,* 제가 작성한 리뷰보기에서 선택한 가게에 작성했던 과거리뷰 한번에 보기 기능이 추가됐으면 좋겠어요~ * 찜한 가게 목록에서 그룹으로 묶어둘수 있는 기능이 추가됐으면 좋겠어요~ (가게가 많아지면 스크롤이 길어지니 찾기 불편해요),별표 5개 만점에 1개를 받았습니다.,2021년 12월 3일
130,배달의민족,승연,단건배달은 단건배달비용받고 여러개합쳐서오는배달은 묶음배달이라고하고 묶음배달비용을지급해야하는거아닌가요? 나만이상한가 배달원:단건배달비용 일반배달:배달원이 한건으로 바로 배달시 가격하고 2~3개 같이배달오는거하고 배달비가 같으면 안이상함? 단건배달이 배민원이면. 일반배달은 묶음배달이라해야되는거아님?,별표 5개 만점에 4개를 받았습니다.,2021년 12월 5일
131,배달의민족,WoowaBrothers,"너무 잘 사용하고 있고, '요청사항'에 '자주 사용하는 문구 추가'란이 있으면 좋을 것 같아요. 점심은 회사, 저녁은 집에서 배달 주문을 하는데 '직접 입력'하는 요청사항이 달라요.(Ex. 집은 1층 현관 비밀번호, 회사는 입구 설명) 그래서 매일 두 번씩 두 문장의 요청사항을 새롭게 입력해야 하는데 앱을 이탈해 저장해둔 문구를 복사하고 다시 앱으로 넘어와 붙이기 하는 과정이 넘 불편하네요 ㅜㅜ 현재 선택 가능한 항목들(Ex.문앞에 두고 벨 눌러주세요. 직접 입력) 외 본인이 2개 정도 저장할 수 있게 하고, 이를 주문 시 바로 선...
전체 리뷰",별표 5개 만점에 1개를 받았습니다.,2021년 12월 7일
132,배달의민족,호두맨탈,잘 사용하고 있어요 리뷰란에서도 메뉴를 검색할 수 있었으면 좋겠어요 그래서 그메뉴에 대한 리뷰만 볼 수 있도록요!!ㅎㅎ 전화하는 거 안좋아하는데 배달 앱 덕에 배달음식 편히 시켜 먹어요 ㅎ 감사합니다,별표 5개 만점에 5개를 받았습니다.,2021년 12월 5일
133,배달의민족,WoowaBrothers,별점이 왜이런지 깔자마자 알았음 돈도 많이 벌었을텐데 어플관리 왜 이럼? 첫결재 쿠폰 받으려니 인증해야한다만 뜨고 뭘 인증해야하는지 어떠한 언급도 없음. 폰 메일 인증 다해봤는데도 안됨 왜그런지 찾아봤는데 같은 오류는 많은데 답변 일절 없음. 악용사례가 있어서 과하게 막았다고만 되어있음. 그런데 왜 멀쩡하게 이용하려는 사람까지 못하게 막아놓음?,별표 5개 만점에 4개를 받았습니다.,2021년 12월 7일
134,배달의민족,백찬,최악입니다. 어플 삭제했다가 다시 깔면 로그인도 안되고 고객센터 문의해서 받은 답변대로 해도 안되고 그렇다고 재가입이 되는것도 아니고. 이럴꺼면 비밀번호 찾기는 왜 만들어놨나요?,별표 5개 만점에 1개를 받았습니다.,2021년 12월 7일
135,배달의민족,WoowaBrothers,"한솥 도시락도 주문하면 사진하고 틀리게해주고 손님이 원하는 반찬해달라면 안됀다하고 가게 주인들은 손님한테 묻지도않고 반찬 아무때나 담고 그리고 배달비는 가게 주인이 배달대행 쓰자나 그럼 배달비는 주인이 주는게 당연한건데 손님이 배달대행 쓰는게아닌데 왜 손님보고 배달비까지 내라고하지 어처구니없다 기장에 교촌치킨은 가격도 그렇고 배달비도 손님보고 다 내게하고 진짜 말도안돼고 본인가게 시켜먹는데 왜 손님이 배달비 내야하나요 진짜 말도안돼요 배달비 천원만 받아도 시켜먹을까 말까를 3천식이나받고 정말 사람들이 배달 안시켜먹어야해 그래야 배달...
전체 리뷰",별표 5개 만점에 1개를 받았습니다.,2021년 12월 9일
136,배달의민족,백승철,돈만 빠져나가고 주문은 안들어가고 뭔 상황인지 모르겠네.. 가게에서는 배민에 연락하라하고 배민은 내역 없다하고.. 빨리 취소나 시켜,별표 5개 만점에 1개를 받았습니다.,2021년 11월 27일
137,배달의민족,WoowaBrothers,잘쓰고 있습니다. 근데 라이더 요청사항 수정기능은 없나요? 가끔 주문하다보면 예전에 했던 요청사항이 그대로 다음주문에도 나와서 번거로워요. 아님 매번주문 할때마다 리셋이 됐음 좋겠다싶어요,별표 5개 만점에 1개를 받았습니다.,2021년 11월 29일
138,배달의민족,황혜은,"휴대폰을 바꿔서 다시 로그인을 해야하는데 기존에 쓰던 페북 아이디가 삭제돼서 로그인을 할 수가 없게 됐습니다. 다른 어플들은 휴대폰 본인인증만 하면 기존 데이터들을 다 불러올 수 있는데 배민은 왜 그런게 없는지 모르겠네요. 로그인 할 수 없으면 새로 가입하라는데 그럼 기존의 제 등급이랑 주문내역, 리뷰들은요? SNS나 이메일이나 삭제될 수도 있는건데 굳이 반드시 같은 아이디로만 로그인을 해야한다는게 너무 불편하네요. 그냥 휴대폰 본인인증만으로도 기존 정보가 불러와졌으면 좋겠습니다.",별표 5개 만점에 5개를 받았습니다.,2021년 12월 5일
139,배달의민족,WoowaBrothers,배민 1 에대해 배달사고 경험(주소지)도 3회이상 겪고 배달이 예상시간보다 늦거나 단건배달시간보다도 늦어짐을 다수 겪었음에도 개선되지 않는 모습을 보여 '미안해서 20일 기간한정 할인 쿠폰을 주면 너네 미안함도 20일 뒤면 사라지고 그 이후엔 개선할 의지도 같이 사라지느냐' 리뷰를 남겼습니다 부정적 평가 작성시 삭제처리 되오니 작성글을 미리 복사해두시기 바랍니다 경쟁업체대비 어플 경험이나 배달 서비스 경험의 질이 현저하게 떨어집니다,별표 5개 만점에 1개를 받았습니다.,2021년 12월 7일
140,배달의민족,Qkf Tl,언제부터인가 배민1이 도입되면서 일반배달로주문하면 면이 다 불어서 오거나 배달에 늦는 등 여러집을 돌아서 오는게 당연시 된 것 같습니다. 그래서 배민1으로 시키면 배달비를 더 받는 가게도있어서 결국은 배달비 인상으로 느껴질 때도 있습니다. 배민을 애용하는 고객입장에서 배민1이 과연 좋은제도인지 의문이 드네요.,별표 5개 만점에 3개를 받았습니다.,2021년 12월 6일
141,배달의민족,WoowaBrothers,"네이버처럼 업주가 별점을 공개, 비공개 선택 할 수 있으면 좋겠다. 순기능을 잃어버린 별점 숫자놀음에 정신과 치료받는 업주들 부지기수다 소비자도 고객이지만 업주들도 고객이다.",별표 5개 만점에 1개를 받았습니다.,2021년 12월 8일
142,배달의민족,김영웅,"배달앱 중에선 배민이 제일 편한거 같아요~ 몇 년 사용하면서 꽤 불편하다고 느낀점이 있는데 가게 메뉴들 리스트에 적혀있는 설명(보통은 메뉴의 구성을 적어둡니다)과 메뉴를 선택해서 들어가면 보이는 설명이 다를 경우에 리스트에 적혀있는 글이 잘려서 다 안보이면 뒷내용을 알 수 없다는 점이예요. 사진에서 메뉴 구성을 한 눈에 볼 수 있는 메뉴들은 괜찮지만 마라탕과 같이 조리시 사진이 찍혀있는 경우 구성품을 전부 알기 힘든 경우에는 사리를 추가하거나 빼는것이 굉장히 난해합니다. 이런점 때문에 지난 몇 년간 같은 불편함을 격고 있습니다. 주...
전체 리뷰",별표 5개 만점에 1개를 받았습니다.,2021년 11월 11일
143,배달의민족,WoowaBrothers,아.. 아이디는 어찌저찌 찾았는데 이번엔 비밀번호 찾기가 안되네요. 맞는 아이디와 전화번호를 눌러도 찾기가 안됩니다. 아이디 비번 찾기는 기본 아닌가요??????,별표 5개 만점에 4개를 받았습니다.,2021년 11월 13일
144,배달의민족,이은영,리뷰를 남기는데 내용이 뭐든 상관안하고 음식점 측에서 내리라고요청하면 삭제나 1달간 숨겨주는데 별점도안나오고 1달간숨겨주고 소비자측 입장은 1도안중요한듯....리뷰는 권리다 이런말이 나오는이유를알겠음 리뷰테러도아니였음 평소에50개중 49개는 별점5개주는사람입니다.,별표 5개 만점에 1개를 받았습니다.,2021년 12월 5일
145,배달의민족,WoowaBrothers,"배민원으로 주문시 가게 연락처 확인도 불가능하고 상담원 연결은 배달완료 후에나 가능한데 아무런 조치도 재발방지도 없는 와중에 cs 메시지 첫 마디는 ""아, 그러세요."" 인터넷 어제 개통한거 아닌이상 어떤 뉘앙스로 쓰는 문장인지 뻔히 알텐데 최고cs책임자가 대표랑 한 판 한거 아닌거 아닌이상 저 말을 쓰진 않을 것 같은데. 저 한마디에 진짜 너무 기분상해서 삭제합니다.",별표 5개 만점에 1개를 받았습니다.,2021년 12월 7일
146,배달의민족,갓킹,다른 사람은 볼수 없는 본인만의 메뉴 메모장이 있으면 좋겠어요 예를 들어 중국집에서 짜장을 시켜먹었는데 이집은 짜장면이 좀 많이 달더라 이런걸 간단하게 메모할 수 있고 나중에 시켜먹을때도 그 메뉴 아래 내가 적어놓은 메모가 항상 보이면 좋겠어요 음식점은 많은데 시켜먹었던 곳의 어떤 메뉴가 어떤지 나만 알수있게 표시하고싶어요,별표 5개 만점에 1개를 받았습니다.,2021년 12월 10일
147,배달의민족,WoowaBrothers,배민 one으로 차로 5분 거리에 치킨 주문했는데 1시간 넘게 기사 배정 안해줌. 상태 매세지는 그냥 배달준비중이라고만 뛰어놓음. 마치 치킨집 잘못인냥 기만하고 있네. 고객센터 전화연결은 절대 안됨. 양심적으로 기사 배정중이라고 바꿔라. 그리고 사과쿠폰 3천원은 또 배민 one으로만 주문 가능한 걸 주네... 어이가 없네,별표 5개 만점에 4개를 받았습니다.,2021년 12월 12일
148,배달의민족,가든메이커,배달 취소에 관해서 취소를 하면 알림이나 문자같은거를 날려주는거좀 해주세요...알림도그냥 위에만뜨니 직접적인 알림도없고 계속 언제오나 기다리다가 취소된지 이제알고 화만나네요...;,별표 5개 만점에 1개를 받았습니다.,2021년 12월 2일
149,배달의민족,WoowaBrothers,배민때문에 수수료만 비싸게 내고 배달은 오히려 더 늦어짐. 뭔놈의 전산오류는 맨날 나냐 배달시키면 기본 2시간을 기약없이 기다리고 가게와 고객이 서로 의사소통이 불가능한 단점이있음. 예상시간보다 20분이나 더 늦으면 왜늦는지 먼저 말을 해줘야하는게 맞지..,별표 5개 만점에 1개를 받았습니다.,2021년 12월 4일
150,배달의민족,lee eternal,다 좋은데 가끔 어떤 특정 가게들은 주문하면 배달비를 따로 거리상의 이유로 더 받는게 좀 불편하네요...정보에 적어라도 놔주시면 좋은텐데 아쉽습니다~그리고 배달팁은 낮은 순으로 해도 결국 시키면 3~4천원 나오네요?? 이거는 좀 많이 짜증이 나는 부분이라 좀 정렬방법을 수정해주세요,별표 5개 만점에 1개를 받았습니다.,2021년 12월 18일
151,배달의민족,진맘,음식을 씹다가를 쓰려는데 씹자가 안써져서 어케하라는 거냐했더니 대체어를 쓰라네여. 씹다의 대체어가 뭔지 예시도 안들어놓고 내가 알아서 쓰라고? 답변했던 개발자가 써보시오. 사람이나 동물이 음식 따위를 입에 넣고 윗니와 아랫니를 움직여 잘게 자르거나 부드럽게 갈다. 의 뜻인 씹다를 뭘로 대체하라는거요. 치아로 부수다가로 써야함? 갈아먹다로 써야함? 먹다 말고 같은 뜻을 가진 대체어 제시하세요. 앞으로 그걸로 쓸테니,별표 5개 만점에 2개를 받았습니다.,2021년 12월 12일
152,배달의민족,WoowaBrothers,어플 리뷰남기긴 또 처음이네요 음식 누락되어 상담연결하니 접속자 많아 상담 원할치 않다더니 상담 자동 종료. 가게 전화번호도 없고 앱도 유선상담 진행안하고 채팅으로만 상담한다면서 상담은 느려터지고 그마저도 계속 자동 종료. 언제 연결될지도 모르는데 계속 보고 있어야하고 조금 있다 보면 자동 종료되어있음. 며칠 지났으나 환불처리 안되었고 또 채팅상담 남겨놓곤 기다리는 중. 어플 자체 상담 서비스가 엉망임.,별표 5개 만점에 1개를 받았습니다.,2021년 12월 14일
153,배달의민족,정영대,주문접수 - (배달출발) - 배달완료 ㆍ 중간에 배달출발 알림이 있다면 정말 좋겠네요. 포인트 더 인상 ㆍ 할인행사 등으로 서비스 업! 바랍니다.,별표 5개 만점에 1개를 받았습니다.,2021년 12월 9일
154,배달의민족,WoowaBrothers,하 고객센터 복붙하는거 레전드네요. 로그인 문제로 3번을 보냈는데 다 다른분이 계속 같은 답변만 하시네요.,별표 5개 만점에 3개를 받았습니다.,2021년 12월 11일
155,배달의민족,빈이,장난하나요? 본인인증 하라면서 왜 안뜨죠? 카드등록 하려고 하는데 이름 생년월일 전화번호만 뜨고 인증이 안뜨는데 대체 어떻게 본인인증 하라는겁니까? 이따구로 하실꺼면 그냥 어플 삭제하세요,별표 5개 만점에 1개를 받았습니다.,2021년 12월 3일
156,배달의민족,WoowaBrothers,거지같은 앱.. 선착순 2500명 쿠폰 발급 이벤트 참여 ㅡㅡ 쿠폰받았으나 선착순 종료로 사용 불가 ㅡㅡ 인원 막 뿌리고 선착순으로 쿠폰 써야 사용 가능???? 애초부터 인원 제한해놔야 되는거 아닌가 ㅡㅡ,별표 5개 만점에 1개를 받았습니다.,2021년 12월 5일
157,배달의민족,quentin Christopher Fury,UI 좀 추가해서 잘만들길. 없는기능 상담사 연결해야하는데 연결이 안되 바빠서. 그럼 ui를 만들던가,별표 5개 만점에 1개를 받았습니다.,2021년 12월 17일
158,배달의민족,평일,배달의 민족에서 쥬시 음료 주문했는데 메뉴들이 500원씩 더 비싸네요ㅜㅜ 매장 가서픽업하는 포장주문인데 매장가격보다 비싸면 어떡하란거죠? 사람바보만드는것도 아니고 배달비는 따로 다 받으면서 매장가격이랑 왜 다른건가요? 업체측에서는 배민이 그렇다는데 배민 책임인가요? 배달비도 따로 받으면서 음식 가격도 어플에서 더 올려받으면 소비자를 우롱하는것도 아니고 먼가요?,별표 5개 만점에 1개를 받았습니다.,2021년 11월 27일
159,배달의민족,WoowaBrothers,솔직히 말하면 음식이 문제는 아님 근데 배달 해주시는분들 바쁘셔도 그렇지 요청사항도 안보고 전화 하라니까 벨 누르고 메세지도 안주는데 알림도 늦게 나와서 나가서 보면 차갑게 식어있는 음식보면 미쳐버립니다 진짜로,별표 5개 만점에 1개를 받았습니다.,2021년 11월 29일
160,배달의민족,판ᄃr,전에는 음식과 주류선택을 하면 배달이 같이 왔는데 어느순간부터 주류선택시 성인인증을 하라고 하던데 인증을 선택하면 인증문자가 안와서 몇번을 시도해도 안되고 결국포기함,별표 5개 만점에 1개를 받았습니다.,2021년 11월 7일
161,배달의민족,WoowaBrothers,배달팁 낮은순 필터 문의글에 동의합니다 배달팁 낮은순인데 0~부터 해놔서 너무 불편하고 왜 같은 가게인데 배달1에서는 배달팁을 1천에서 2천 많게는 3천원까지 더 받는건가요? 심지어 어떤 프렌차이즈는 메뉴금액까지 다르더라구요 배달1을 많이 이용하라는듯 관련 이벤트가 많은데 똑같은 집인데 일반배달과 배달1에서의 배달팁도 다르고 리뷰이벤트도 다르고 무슨 팔천원 할인 이벤트 한다면서 갑자기 배달팁이 오천원 넘게 올라가있고 이런 눈속임은 제발좀 사라졌으면 좋겠습니다,별표 5개 만점에 2개를 받았습니다.,2021년 11월 9일
162,배달의민족,o o,장바구니에 주문상품 담은 후에 메뉴 수정 가능하게 해주세요 그리고 품절상품은 미리 알려줘야지 장바구니 다 담고나서 품절이라고 결제못한다고 하면 다시 삭제하고 메뉴수정해서 장바구니 다시 담고.. 너무 번거롭고 불편하네요,별표 5개 만점에 3개를 받았습니다.,2021년 12월 10일
163,배달의민족,WoowaBrothers,배민원 기사분들 현 위치 지도가 안 보입니다. (지도 표시부분이 흰 바탕으로 나옴) 한 두번도 아니고 꽤 자주 그래요,별표 5개 만점에 4개를 받았습니다.,2021년 12월 12일
164,배달의민족,츠차쿤,이유 선택해야 주문 취소될 수 있는 기능있었으면 좋겠어요 한참 있다가 주문취소됐는데 이유도 모르고......... 그냥 담부터 안 시켜먹게돼요,별표 5개 만점에 3개를 받았습니다.,2021년 12월 16일
165,배달의민족,WoowaBrothers,와 진짜 배민원 너무 불편해요. 문제상황 대처에 시간이 너무걸려요. 무슨 상담원 연결도 한참걸리고 상담원 몇명이랑 연락하는지 모르겠어요. 답도 느린데다가 갑자기 다른 사람한테 전화오고.. 기사님이랑 바로 연락해서 추후에 변경하는식으로 해도 되는데 기사님도 배민측에서 먼저 변경해줘야한다고 못 움직이시고 상담원 연결은 안되고 답답해 죽겠어욬ㅋ엉망진창이요ㅜㅜ,별표 5개 만점에 4개를 받았습니다.,2021년 12월 18일
166,배달의민족,윤명,"득 방송에서 보는 생생함 그대로 집까지 전해드립니다. #따뜻한 한 끼를 보내세요 이제 배민에서도 선물하기를 통해 따뜻한 마음을 전할 수 있어요. #다양한 먹거리, 생필품 배달 B마트! 일상 속 필요한 상품들을 주문하고 바로 배달 받을 수 있어요 (*현재 서울, 인천, 경기 일부 지역에서 만날 수 있어요) #가까운 가게는 포장! 포장😘ㄱㄱ",별표 5개 만점에 1개를 받았습니다.,2021년 12월 17일
167,배달의민족,hi Y,배민1 파티 쿠폰 링크를 받아서 눌렀는데 계속 앱스토어로 들어가지고 쿠폰이 안들어와요....,별표 5개 만점에 5개를 받았습니다.,2021년 11월 29일
168,배달의민족,WoowaBrothers,"각 가게 리뷰창에서 제가 작성했던 리뷰를 확인할 수 있게 해주세요. 어떤 가게였는지 다 기억할 수가 없어서 재주문할 때가 많습니다. 제겐 맛없는 가게였는데, 별점이 높아서 다시 주문했다가 돈을 버린게 한두번이 아닙니다. 일일이 리뷰관리에 들어가서 가게 하나하나 대조하기엔 너무 번거롭습니다.",별표 5개 만점에 1개를 받았습니다.,2021년 12월 1일
169,배달의민족,짱아찌더쿠,배달어플은 아무리생각해도 배달원 평가를 추가해야한다고 생각합니다 고객이 편하려고 주문하는건데 왜 배달원의 편의를 봐줘야하는지 모르겠습니다,별표 5개 만점에 4개를 받았습니다.,2021년 11월 30일
170,배달의민족,WoowaBrothers,아 배달 왜케 느려짐 배달시간 계속 늦춰지고 어휴....배민1이 더 느린이유는 뭔가요. 자전거로 오는건지 제가 걸어가서 픽업하는게 더 빠를것같았어요. 영업중인 매장은 왜 계속 준비중으로 뜨는지도 모르겠네요 전화하니깐 주문가능하던데,별표 5개 만점에 1개를 받았습니다.,2021년 12월 2일
171,배달의민족,서연,배민 잘 사용하고 있습니다 한 가지 건의사항이 있어서 리뷰 남겨요 주문내역과 리뷰관리 페이지에서 제가 구매한 내역과 쓴 글을 가게별로 볼 수 있었으면 좋겠습니다 그리고 해당 가게에서 구매를 몇번했는지도 나왔으면 좋겠어요 일일이 내려보는게 불편하네요 그거 제외하고는 잘 사용하고 있습니다!,별표 5개 만점에 1개를 받았습니다.,2021년 12월 8일
172,배달의민족,WoowaBrothers,아이디를 까먹어서 아이디 찾기를 하는데 휴대전화 인증하고 인증되었습니다 문구만 뜨고 아이디를 안알려줘요 저 배민 로그인 하고싶어요 제가 쓰는 아이디란 아이디는 다 넣어봤는데 아이디 확인하래요 왜이래요??? 실시간상담은 로그인해야 가능하더라고요... 그래서 여기라도 남겨봐요 답변주시면 다섯개로 바꿀게요,별표 5개 만점에 4개를 받았습니다.,2021년 12월 10일
173,배달의민족,양윤지,"좋아요. 그런데 건의사항 하나. 요즘 회식을 못하니 온라인 회식을 하려는데 상품권 선물하기가 최대 10명한테밖에 안되네요. 20~30명에게 한번에 결제 되면 배민 쓸텐데.... 카카오톡에서 금액권 구매는 한번에 수십명도 가능해서 지금은 카카오톡 선물하기 이용하고 있어요. 대신 카톡 선물은 메뉴가 한정적이라 배민 쓰고 싶네요. 그리고 금액도 선택이 가능하거나 여러개를 한번에 구매 가능 할 수 있음 좋을듯해요. 가령 3만원, 5천원 권을 20명에게 각각 나눠줄 수 있으면 최대금액 쓸수 있을듯하네요. 배민도 빨리 업데이트 해주시길... ...
전체 리뷰",별표 5개 만점에 1개를 받았습니다.,2021년 11월 20일
174,배달의민족,WoowaBrothers,배달앱은 다 좋은데 오르막길 넘어서 1km이상 장거리 배달로 픽업지 까지 도착했는데 생각보다 많은 주문취소 때문에 헛고생 하는일이 있어서 힘드네요 가게에서는 배달 주문하신 손님이 직접 방문하여 음식을 가져 가셨다고 말씀하셔서 허탕친게 한 두번이 아닙니다 그럴때마다 상담 문의를 통해서 주문을 취소했는데.. 그것마저도 시간이 걸렸고요 좀 답답하네요 손님이 중간에 배달취소를 하시면은 라이더에게 중간에 알려주는 시스템을 도입하거나 아니면 상황에 따라 주문취소를 못하게 막아주셨으면 바랍니다,별표 5개 만점에 5개를 받았습니다.,2021년 11월 22일
175,배달의민족,정용희,"챗봇 상담센터 운영하지 마세요!! 배달주소를 잘못 입력해서 주문한지 2분만에 고객센터, 가게 연결도 안되어서 챗봇상담 했는데 실컷 주소변경 요청하고 했더니 답이 없어 한참 기다리다 가게에 변경요청했다는 답변이 없어서 제가 가게전달되었냐고 톡날렸더니 가게가 지속적으로 부재중으로 확인된다고 요청하신 사항에 도움을 줄수가 없다고 답변오고는 제가 톡을 금방 남기지 않으니까 무응답으로 상담 종료한다고는 톡 입력창이 닫힙니다!!! 결국엔 가게 전화번호를 겨우 알아내서 연락하니 출발했다고 중간에 배달기사한테 연락해서 겨우 배달 제대로 받았네요!...
전체 리뷰",별표 5개 만점에 1개를 받았습니다.,2021년 11월 28일
176,배달의민족,WoowaBrothers,점주들이 손님을 너무 물로봄. 배달 취소 사유도 제대로 안 알려주고 일방적으로 취소 시키는 기능은 어떻게 못 고치나요?,별표 5개 만점에 1개를 받았습니다.,2021년 11월 30일
177,배달의민족,៖,리뷰작성기간 너무 짧음. 배달도착하고 다먹어도 배달도착 안찍혀서 리뷰작성을 못하는데 까먹고 있으면 3일 금방감. 일주일정도로 늘리던가 고객이 배달완료찍을수있게 개선 해야됨,별표 5개 만점에 1개를 받았습니다.,2021년 12월 8일
178,배달의민족,WoowaBrothers,배스킨라빈스 시킬때 무조건 1가지씩만 가능하네요 한가지맛 4개를 시켜먹는게 불가능해요 선택이 불편하네요,별표 5개 만점에 1개를 받았습니다.,2021년 12월 10일
179,배달의민족,Dana Son,배달기사 평가를 좀더 정확하게 할 수 있으면 좋겠어요 음식이 너무 않와서 식당에 전화하니까 기사님이 아직 안오셨다고 하고 정작 도착예상시간에 픽업하는건 좀 아니지 않나요...? 여러군데 들리고 오는거 아닌 이상 이렇게 늦게 오진않을 것 같네요,별표 5개 만점에 1개를 받았습니다.,2021년 11월 29일
180,배달의민족,WoowaBrothers,사용이 편하긴하나 이해가 안돼는점이있습니다. 배달팁을 받을꺼면 최소주문가격이 왜 있는지 모르겠습니다. 배달팁을 받는다면 단 한개를시켜도 배달이 와야하는거아닌가요?,별표 5개 만점에 1개를 받았습니다.,2021년 12월 1일
181,배달의민족,엘리최,잘 쓰고 있습니다. 하지만 여러 기능이 추가 되었음 합니다. 밑에 분 글 내용처럼 배달팁 낮은 순배열 점주들이 꼼수 쓰지 않게 부탁드리고 가게 오픈 시간 별 필터도 추가 되었음 합니다. 신규 업소도 따로 볼 수 있었음 합니다. 같은 가게들이 중복되어서 신규업소나 다른 곳이 안보이기도 합니다.,별표 5개 만점에 3개를 받았습니다.,2021년 12월 4일
182,배달의민족,WoowaBrothers,"가게 편을 많이 들어주는게 보이네요. 배달비는 가게와 콜업체 문제이긴 하겠지만 더 싸게먹히려고 직접 무료로 배달하시는 분들도, 그걸 찾는 고객도 얼마나 많은데 카테고리엔 5000원 이하부터 2만원; 어디 미친사장이 배달비를 2만원이나 받습니까? 천원단위도 아니고; 5천원이하 선택해봤자 배달비 0원~3500원 설정해둔 가게들 수두룩하고 싸게 되나 싶어 골라서 계산하러가면 나중에야 3500원 포함값 고지 ㅋㅋ 개선좀 부탁드려요 가게에서 배달하는 동네를 딱 설정해두면 내 주소 따가잖아요? 바로 얼마받을지 적용이 되도록 한다던지",별표 5개 만점에 3개를 받았습니다.,2021년 12월 6일
183,배달의민족,탱구,배민권 선물하기가 받는자에게 갔는지 알수가 없고 카톡에 갔는데 또 물어보기가 ...상대가 미등록이 아닐때에만 알게됩니다 또한 한계정으로 부모님 사무실등 여러배송지를 쓸때 라이더 요청사항 늘바꿔야해서 불편합니다 등록된배송지에 따라붙게해주세요,별표 5개 만점에 1개를 받았습니다.,2021년 11월 21일
184,배달의민족,WoowaBrothers,교통상황때문에 늦을거면 배민원 없애세요 ㅋㅋ 어이가 없네.. 30분 안에 온다는거 보고 시킨건데 진짜 맘에 안 드네 전부터 배민원; 손절할라했는데 나름 제일 편해서 다시 쓸라고 깔았는데 또 짜증나게 하네요,별표 5개 만점에 5개를 받았습니다.,2021년 11월 23일
185,배달의민족,Lala,"며칠전에 토스뱅크 출범을했는데요, 결제수단을 토스뱅크는 언제 추가가 되나요? 그리고 결제수단을 토스뱅크카드가 하나카드로 등록하면되는데 안되더군요",별표 5개 만점에 1개를 받았습니다.,2021년 11월 20일
186,배달의민족,WoowaBrothers,"배민 주문할 때, 라이더에게 요청사항 란에 소비자가 자주 사용하는 문구는 자동 저장되어 소비자가 사용했던 문구를 골라서 사용할 수 있게 해주세요. 직접입력 이란곳억 매번 주문할때마다 똑같은 문구를 쓰니 불편합니다. 소비자에게 맞도록 소비자가 배민 주문하는 장소에 따라 문구도 선택할 수 있도록 개선해주세요.",별표 5개 만점에 2개를 받았습니다.,2021년 11월 22일
187,배달의민족,노명규,고객센터에 문의를 해도 매번 똑같은 말만 할 뿐 근본적인 해결을 해주지 않습니다. 이럴거면 고객센터가 왜 있는겁니까 타사 배달 앱과 비교했을 때 평점이 현저히 낮은 이유가 뭔지 알 것 같네요,별표 5개 만점에 4개를 받았습니다.,2021년 10월 21일
188,배달의민족,WoowaBrothers,"배달팁 낮은 순으로 정렬을 시키면 10만원이나 20만원 이상시켜야 0원인 상술을 쓰는 가게들이 많은데 왜 이런거에 대한 대책은 없는거죠? 다른분들도 계속해서 이 문제점을 지적하시는데 왜 아직도 리뷰답글은 몇달째 ""배달팁에 관해 문의를 주셨는데 이 문의는 담당부서에 전달해두겠다""라는 매크로 답변만 계속 달리고 이런거에 관해 담당하는 부서는 있긴한거고 해결할 생각은 애초에 가지고계신건가요?",별표 5개 만점에 1개를 받았습니다.,2021년 10월 23일
189,배달의민족,나아름,예전에도 깔았다가 지워서 다시 깔아봤는데 정말 좋네요,별표 5개 만점에 1개를 받았습니다.,2021년 11월 1일
190,배달의민족,WoowaBrothers,배달시간 오차가 너무 커요 따신 밥 먹으려고 배달시간 확인하고 맞춰서 주문하는데 어떨 땐 30분씩도 빨리 오고 아니면 20분씩 늦게 오고ㅡㅡ 특정 매장만 그런 게 아닙니다 한두 곳이 아니라구요 배달의 장점을 없애버리는 배달시스템 왜 개선이 안됩니까? 직장인들 퇴근시간 맞춰 주문했다가 찬밥 먹게 되는 경우 저뿐만이 아닐거에요 뭔 시스템이 이래요? 기분좋게 주문했다가 기분 드럽게 밥먹네요,별표 5개 만점에 5개를 받았습니다.,2021년 11월 3일
191,배달의민족,Won-hui Lee,왜 시켜먹고 싶은거 막아놨냐? 이거 완전 양아치새끼들이네!! 가게에서는 열었다는데 왜 주문이 안될까? 두고보자 니들 어찌되나,별표 5개 만점에 1개를 받았습니다.,2021년 12월 11일
192,배달의민족,WoowaBrothers,요새 저희 동네만 그런건지 계속 비마트를 이용할 수 없어요 날씨와 상관없이 계속 주문이 많다고 이용할 수 없다하는데 확인부탁드려요,별표 5개 만점에 1개를 받았습니다.,2021년 12월 13일
193,배달의민족,김혜빈,배달예상시간이 너무 길어서 취소하려 전화했더니 배민 고객센터로 연결되고 끝없는 번호누르기 끝에 결국 취소 못했네요. 채팅으로도 취소 안되고. 코로나 때문에 상담사 연결이 어렵다는 변명 언제까지 쓸 참이죠? 코로나 끝날 때까지? 참 날로 먹네요.,별표 5개 만점에 3개를 받았습니다.,2021년 12월 15일
194,배달의민족,WoowaBrothers,배달 결제 방법 중에 현금 결제가 있으면 배달 기사들이 예비로 현금은 들고 다녀야하는거 아닌가요..?매번 현금으로 결제하는데 거스름돈 없다고해서 곤란했던게 한두번도 아니고 거스름 그냥 다음에 달라하고 바빠보여서 다음에 달라해도 못 받은게 한두번이 아니에요 현금 결재 하시는 분들이 적더라도 현금 결재가 있으면 거스름으로 여유돈은 들고 다니시면 좋겠어요,별표 5개 만점에 5개를 받았습니다.,2021년 12월 17일
195,배달의민족,wolf white,메뉴 별 리뷰를 따로 볼 수 있었으면 좋겠어요 리뷰가 보고싶은 메뉴를 선택하면 그 메뉴를 시킨 사람의 리뷰만 나오면 보기 편할 것 같아요,별표 5개 만점에 4개를 받았습니다.,2021년 10월 8일
196,배달의민족,WoowaBrothers,리뷰에서 선택한 메뉴가 포함된 리뷰만 볼 수 있는 기능 추가바랍니다. 메뉴 사진을 골라서 보는게 편해요,별표 5개 만점에 4개를 받았습니다.,2021년 10월 11일
197,배달의민족,보리보리,한가게에서 여러가지 다른이름으로 사기를 치며 사업하는 어플임. 가게정보를 노출한다고 하지만 이런 여러가지를 하면서 전문점이라고 하는 가게를 직접 찾아가보면 창고같은곳이 대부분입니다. 정확하게 알수있게 가게를 사진찍어서 보여주는걸 의무적으로 해라. 사기꾼들,별표 5개 만점에 5개를 받았습니다.,2021년 11월 26일
198,배달의민족,WoowaBrothers,"급해서 25~33분인거보고 시켰는데 48분이라고 찍혀서 배민에 주문한지 3분만에 취소요청했더니 20분만에 대답해놓곤 배달중이고 15분뒤에 도착할것같다고 취소못한다고 합니다 점심시간 지나서 올것같아 못먹을것같아 취소해달라하니 주문즉시 조리가 들어가 취소가 어렵답니다. 아까는 배달 중이라 안된다더니 이제는 원래 주문동시에 음식이 들어가 취소가 안된다 합니다. 상식적으로 25-33분이라고 해놨음 당연히 33분안에는 올거라 생각하는데 48분찍히면 배민1은 급한사람들이 시키지 48분 기다릴거면 그냥 일반으로 시키죠 아니 시간이라도 48분 되...
전체 리뷰",별표 5개 만점에 1개를 받았습니다.,2021년 11월 28일
199,배달의민족,이원민,"대체 똑같은 업체가 왜 자꾸 중복으로 여러개가 뜨죠? 스크롤 내리는데 아까 본 업체랑 똑같은 업체가 심할땐 다섯번도 넘게 뜨는데 중복등록좀 어떻게좀 해보세요 진짜.. 스크롤만 길어져서 너무 불편하고 리스트 쭉 내리면서 하나하나 들어가보다 괜찮을 것 같은데서 시키곤하는데 중복이 너무 많으니까 불편하고 불쾌하네요 작성자 닉네임 누르면 그 사람 리뷰 다 뜨는 것도 대체 왜 있는 시스템인지 모르겠어요 해당 리뷰는 그 업체에 대한 것만 쓰는데 그 사람이 다른 업체 리뷰 어떻게썼나를 누가나 다 볼 수 있다니 굉장히 당황스럽네요 이런 피드백들 ...
전체 리뷰",별표 5개 만점에 1개를 받았습니다.,2021년 10월 30일
