,review,starRating,label
0,제발 이럴꺼면 최소주문금액말고 최대주문금액이 먼저 보이게해주세요ㅋㅋ 사람놀리는거같으니까,1,0
1,리뷰 쓴 사용자의 개인정보를 일말의 동의  죄책감도 없이 사장에게 보내 버리는 쓰레기 앱   무슨 맞는 말만 쓴 리뷰도 자기 마음에 안들면 다 삭제하라고 하거나 신고 넣어버리고 앱 쓸려면 리뷰 삭제하거나  일동안 정지되어 있게해서 리뷰 없애게끔 하는거 진짜 역겨움 그냥 소비자보단 장사하는 사람들한테 더 좋은 별 하나도 주기싫은 앱,1,0
2,주문자 입장에서 장점은 등록된 가게가 가장 많다는거였는데 배민에 없어진게 꾀있어요  폐업도 안하고 정상 운영하는 단골집이 배민에서 사라졌길래 물어보니 수수료때문이라더군요  배달앱이 잘돼서 좋은건 과연 누구인가 싶네여  배달앱  라이더  다들 볼맨 소리들 하지만 정직한 업주나 호구개인이 부담을 지고 가는거 같네요  걍 손절하고 싶어도 길들여지는게 무섭죠  배민 은 일반배달과 차이점을 모르겠어요  케바케이지만 인성 이상한 라이더도 많고 배달비나 음식값은 덕분에 너무 상승해버렸어요  결론은 이걸 왜 쓰고있냐 모르겠다네요,1,0
3,오늘의 할인 전체보기 누르고 가게 더 보려고 밑으로 내리면 백지상태가 돼요 왜 그럴까요 ,5,1
4,쓰래기임 일처리 거지같고 주문에서 배달까지  시간인데  분뒤에 전화와서 재료소진요 ㅈ랄 당당하게 나는  분 꽁으로 기다렸니  생각이있는거니 ,1,0
5,좋아요 좋은데 외국인은 아예 접근도 못하게 해놨네요ㅠ 영어 버전좀 내주세요 그리고 카드도 외국카드도 되게하면 훨씬 좋을거같아요,1,0
6,사장님께 요청사항 글자수 좀만 늘려주셨으면 좋겠어요 ,1,0
7,잔액 환불 고객센터에 전화 안 하고 모바일로 할 수 있으면 편할 것 같습니다 ,1,0
8,잘만쓰고있는데 오늘 무슨 날인가요 가게  개가 안내 전화같은것도 없이 일방적으로 주문 취소해버리네요  이건 무슨경우인지 진짜 싸가지를 말아드셨나  앱도 다시 쓸일 없을 것 같습니다 ,2,0
9,이벤트 개더럽다 할인률 좀 괜찮으면 다음주문에 할인해서 또 주문하게만들고 선착순 쿠폰은 쓰라고 만든건가 불쾌하게만드네,1,0
10,배민이용하지 마세요 갑자기 로그아웃되서 로그인 하려는데 로그인이 안되서 아이디 찾기 및 비밀번호 찾기를 했는데 회원정보가 없다고 나옵니다  이메일로 해당 내용을 보냈으나 성의없는 맨트의 비밀번호 찾기메뉴 들어가서 찾으면 된다고 해서 또 같은짓을 했지만 또 안돼서 전화를 했습니다  그러나 그저 로보트같은 성의 없는 답변 회원정보가없어서 해결을 못해주겠다는 말만 반복합니다  배민카드에 현금충전까지 해논 상태인데 그부분에 보상도 받기 힘드네요 소비자 보호원에 신고 한다니 알아서 하라는 식으로 그렇게 하라네요  감정없는 그저 같은톤의 답변 전체 리뷰,1,0
11,아니 음식 주문했는데  시간동안 안오길래 봤더니 갑자기 문 닫혀있음 ㅋ 환불 진행할라햤는데 상담사 연결 어렵다함 ㅋ 그냥 좀 역해요,1,0
12,이벤트 머저리같이 하는건 고치질 못하네 진짜 매번 생색은 생색대로 내고 어떻게든 한푼이라도 아끼려고 아등바등하는게 티가 남,1,0
13,배달비 낮은순 정렬 개선좀해주세요 ,1,0
14,배달을 시키는데 요즘 뭐 하나계속 빼서오는군요  도대체 관리를 어따구로하길레 자꾸 이러는거에여  한번은 배달안왔는데 계속왔다고 우겨서  시간이나 싸웠네여 이렇게 안나온메뉴만 합쳐도 한  만원이상 안온거같네여 라이더든 가게든 관리좀 똑바로하세요,5,1
15,제가 위치도 켜놓은상태에서 안양시에 놀러왔는데 왜 주문은 창원에있는 식당으로 연결이되죠  주문을하고 주문확인하니깐 경남 창원시에 주문이 들어갔다고 하는데  돈날린것도 문제긴한데 뭐죠 이게  어떻게 관리를 하고있는건가요 ,1,0
16,배달시간 오차가 너무 커요 따신 밥 먹으려고 배달시간 확인하고 맞춰서 주문하는데 어떨 땐  분씩도 빨리 오고 아니면  분씩 늦게 오고ㅡㅡ 특정 매장만 그런 게 아닙니다 한두 곳이 아니라구요 배달의 장점을 없애버리는 배달시스템 왜 개선이 안됩니까  직장인들 퇴근시간 맞춰 주문했다가 찬밥 먹게 되는 경우 저뿐만이 아닐거에요 뭔 시스템이 이래요  기분좋게 주문했다가 기분 드럽게 밥먹네요,5,1
17,배달료만 더럽게 비싸고 막상 쿠폰적용할 수 있는 건 없고  천원  천원짜린  만원  만원 이상만 적용되고 천원짜린  원에만 적용되는 짜게 주는 쿠폰 그리고 업체나 배달대행기사나 뭐하나 제대로 된 데가 하나도 없음 지가 계란말이 소금간 빼놓고 전화하니까 따지는 데부터 시작해서 요청사항 안 지키는 배달기사까지 어휴 요기요로 갈아탈까 보다,1,0
18,배민의  나 정책이 참 이상합니다  같은가게임에도 불구하고 배민원과 그냥 배달로 두개로 나누어서 띄우는게 맞나요  고객도 헷갈리고 자영업자들도 헷갈립니다  오롯이 담당자만 편한 방법을 선택해서 서비스를 결정하고 그걸 의사결정한 리더도 이해하기가 어렵네요  심지어 배민원을 만들고 배달구역을 지역구단위로만 설정할 수있다는게 말이되나요 ㅎㅎ  분도 안걸리는곳에서는 배민원으로 배달이 안되고  분가야 되는 같은 지역구는 배달가능지역이라는게 황당합니다  리뷰보시는 담당자님 부디 글만 적지마시고 관련부서에 꼭 이러한 의견을 전달해주 전체 리뷰,4,1
19,배민 앱을 깔았는데 회원가입이 화면등이 없고 로그인하라고만 되어서 불편하네요  연락 주시면 감사 ,1,0
20,하 고객센터 복붙하는거 레전드네요  로그인 문제로  번을 보냈는데 다 다른분이 계속 같은 답변만 하시네요 ,3,0
21,위치기반서비스 믿고 항상 잘 이용했는데 엉뚱한 주소로 잡혀 음식도 늦게 와서 다 식어버리고 추가 배달팁 기사님에게  원 지불하고  아  배민 위치기반서비스 때문에 피해 본건데  고객센터 직원은  가끔 오류가 납니다 그럼 공지를 하던가 아니면 위치기반서비스를 하지 말던가 ,4,1
22,자주 사용하는 앱이예요  경험상 별로였던 업체는 넘겨서 지울 수 있으면 좋을거 같아요 ,1,0
23,배달팁 낮은순 세부설정이 가능하게 해주세요 낮은순인데 최소 배달팁만 낮지 실제로는 엄청 비싸네요  만원  원  만원  원 이렇게 해 놔도 제일 위에 뜨니까 불편해요,1,0
24,왜 수저 포크 없음이 기본설정상태인데  그리고 배달 예정시간은 왜 안지키냐  이딴 어플 걍 삭제하련다,1,0
25,다 좋고 오는길도 실시간으로 알수있으니까 정말 좋은데요 만나서결제가 안되는 가게가 많아요 그래서 현금밖에 없을때 못먹어서 짜증날때가 있어요 만나서 결제좀 하게 해주세요,2,0
26,예전에 자주시켰는데 요즘에 이앱이 이상해짐 배달할장소 정확히 주소쓰고 몇호인지 썻는데 거의 배달기사가 못찾음 그래서 내가 나가서 받은경우가 더 많음 한두번도 아니고 이건무슨경우임  앱에서 무슨 오류난거임 ,1,0
27,피자를 시켰는데 사진과 전혀다른 피자가 옴 도어도 다르고 내용물도 다르고 사진이미지를 그거로 했으면 주문안했는데 사기당한 기분이라 기분드럽네요 일부러 기분낸다고 비싼피자 시컸는데 업체 관리좀 해주세요 상당히 지금 불쾌하네요 사장한테 말하니 도어가 다를수 있다  왜 첨부터 공지를 안하셨는지 암튼 기분드러움,1,0
28,주문완료 알람이랑 취소되었다는 알람이랑 똑같은데 이거 개선좀 했으면 좋겠네요  주문하고  시간뒤 확인하니 취소되었다는 알람이었네요  하 ,1,0
29,주문취소 버튼도 없어서 고객센터로 연락하니 연결지연된다고 알림만 해놓고  분지나니까 이미 조리 들어갔다면서 취소안된다는 미개한 앱,1,0
30,되도않는 쿠폰 장난질  배달비 장난질  최소주문 장난질  지칩니다 ,1,0
31,라이더 요청사항에 벨 누르지 말고 전화 해달라고 부탁드렸는데 왜 벨 누르시는건가요  배달  번 시켰을때 요청사항 들어주시는 기사님  분 정도밖에 없네요  요청사항 꼼꼼하게 읽어주시고 배달 부탁드려요 ,1,0
32,배민은 판매자들 때문에 일등 유지하는거지 요기요가 수수료 정책 손보는 순간 순식간에 나락갑니다  아마  년내에 그리 될 거 같아요 ,1,0
33,가입후첫주문 원할인쿠폰 첫주문모든치킨 원할인쿠폰 배민라이더를이용하는매장만 가능 고로적용가능매장이거의없음 하단설명엔그러한내용이전혀없음 선물하기 비마트등만적용안된다고써이씀 고지부족으로 괜히 가입해서 진빼게 만들지마세요 ,1,0
34,만 오천원짜리 쿠폰 받아서 쓰려고 했는데  회 인증번호를 안주네요  두번 세번 다시 깔고 계속 인증요청 눌러도 인증번호 안뜸   분째 지웠다 깔았다 인증요청버튼만 몇십번을 누르네 ㅋㅋ 그냥 쓰던대로 요기요나 잘 쓰겠습니다  배민 앱 평점이 나락인 이유가 괜한게 아니었나보네요  회사 사정 어려우니까 일부러 쿠폰 못쓰게 하려고 인증번호 요청을 무시하시는 건가요 ,2,0
35,노랑통닭은 포장 되는 곳이 없는데 포장 쿠폰 사기 아닌가요  업체랑 얘길하고 이벤트라고 하셔야지ㅋㅋ누굴 위한 이벤트죠 ,1,0
36,제 리뷰 왜 삭제하셨나요  저 정말 억울합니다  배민  쿠팡이츠처럼 한번에 한집만 온다고 해서 주문했는데  시간이 넘도록 계속  분 더 걸린다고  번을 갱신하다가 저녁시간 다 지난 밤  시경에 취소하려니까 가게와 직접 연락도 안되고 모든 상담원이 상담중이라고  분 넘게 컨택도 안되고  지도 어플에서 가게 전화번호 가까스로 찾아서 전화하니까 배민에서 배차가 되어야 조리가 들어간다네요  저녁시간 다 지나서 전화온 상담원이 무슨 죄가 있겠느냐 싶어서 화내려다가 참았는데  이렇게 시간 다버리고 배 곯은 대가가  천원 쿠폰이라네요 ㅋㅋㅋ 전체 리뷰,1,0
37,등급별 혜택이 너무 적네요 그리고 많이 주문했는데도 왜 여태 고마운분 등급에 머물러있는지 ,1,0
38,제가 본인인증 기준으로 발급 가능한 횟수 초과 됐는지 어떻게 안돨까요  ㅠㅠㅜ 이번 한번만 ㅠㅠㅠㅜ,1,0
39,메뉴 별 리뷰를 따로 볼 수 있었으면 좋겠어요 리뷰가 보고싶은 메뉴를 선택하면 그 메뉴를 시킨 사람의 리뷰만 나오면 보기 편할 것 같아요,4,1
40,면하고 좋은데 가게전달사항에  수저 안주셔도되요 가 기본으로 되어있어서 벌써 몇번째 편의점에 수저사러가네요  저처럼 일하면서 밥 급하게 시켜먹을땐 짜증  시간없어서 볶음밥하나시켜먹는데 수저때문에 편의점감,5,1
41,배민 은 도대체 무엇을 위한 제도인지 모르겠습니다  평소 자주 시키던 가게에 배달을 시켰는데 금방 오던 음식이 한시간이 넘어도 안와서 가게에 전화를 해봤더니 그제야 배달이 시작되더라구요  한번에 한집이라는데 오히려 일반 배민으로 시켰을때보다 음식 상태가 말이 아니었습니다  죄다 식고 불어터져서 왔어요  최소주문금액이  천원이나 높아서 돈은 더 냈는데 여러집 들러서 오는 것보다 음식이 식어서 오는게 말이 되나 싶습니다  얼마나 방치돼있었으면 포장비닐 안쪽에 물이 맺혀 흐르더군요  다시는 배민 으로 안시킬겁니다 ,5,1
42,현금결제했는데 갑자기 허위리뷰라고 리뷰 차단시켜놓고 가게가서 영수증을 받아오라질 않나  그거아님 절대 못풀어준다네요 ㅋㅋㅋㅋ갑질 진짜 쿠팡으로 넘어갑니다 ㅂㅂ,1,0
43,새폰으로 바꿔서 로그인해야해서 이메일 번호 입력했는데 맞게 입력해도 틀리다고 다시 확인하라네요 비밀번호 찾기를 못하게하면 어떡해요  맞게 입력해도   틀렸다고 하는데 뭐 제가 틀린 건가요   ,1,0
44,쿠폰 자동적용은 당연한거 아닌가요 ㅋㅋ 일부로 적용안되게 해놓은게 느껴지는데 이제 요기요 쓴다 짱나,3,0
45,배민때문에 수수료만 비싸게 내고 배달은 오히려 더 늦어짐  뭔놈의 전산오류는 맨날 나냐 배달시키면 기본  시간을 기약없이 기다리고 가게와 고객이 서로 의사소통이 불가능한 단점이있음  예상시간보다  분이나 더 늦으면 왜늦는지 먼저 말을 해줘야하는게 맞지 ,1,0
46,오늘도 신호위반 끼어들기 하는 배달 오토바이를보면서 느낍니다  별점 별 하나도 과하다  배달 플랫폼의 선두두자지만 배달 시스템 전반 개선에는 전혀 신경안쓰는거같아 씁쓸하네요,1,0
47,주문 취소과정 자체가 너무 불편함  잘못 눌렀거나 주문 수정을 하고싶은데 주문 취소한번 하려면 고객센터니 뭐니 몇십분를 ㅈ뺑이쳐야 겨우 주문 취소 가능함,2,0
48,오랜만에 배달시켜 먹으려니 갑자기 로그아웃 돼있고 그거땜시 리뷰 남기려고 로그인 했더니 로그인 안하고 배달시킨거랑 연동이 안되더라구요  그거때매 강제 리뷰이벤트 먹튀해버렸슴다 ,2,0
49,편해서 애용했었는데 최근들어 불편해졌습니다 ㅋㅋ   메뉴가 많아졌는데 감당이 안됨  특히 원하는 가게를 검색하기 불편함  배민  카테고리 안에 검색  가 없는건 진짜 미친것같음   쿠폰을 배민 에서만 사용할 수 있는 이벤트를 하는데 관련가게 노출에 배민 이 아닌 가게도 노출시켜서 혼동이 옴 사실  번때문에 개빡쳐서 리뷰적으러 온게 가장 큽니다  제가 개발자는 아니지만 이 정도는 솔직히 내 주변 가게 노출 관련 로직 조금만 건드려도 쉽게 고칠 수 있을 것 같은데  어떻게 좀 해주시면 좋겠습니다 ,1,0
50, 카드로 저장공간 설정하면 전원 다시키면 실행안되고 다시 설치해야함ㅜㅜ,1,0
51,별점리뷰 없애 주세요 너무 악의적인 리뷰 많습니다 네이버처럼 바꾸심 좋겠습니다 ,1,0
52,물건 쉽게 구매 할 수 있어서 좋긴한데 배달이 문제내요 오토바이로 배달해주면 빨리 와서 좋은데 자전거 배달 왜 하는지원 엄청 느리게 오고 따른곳으로 세고  분후 도착이라면서 배달오는거 보고 있었는데 갑짜기 저희 동네랑 멀어지더니  분이나 걸린다네요 이게 말이되나요 자전거배달 원하지 안고 오토바이로 빠르게 배달 원합니다 ,1,0
53,상담 및 사고처리 대처 최악이다  상담은 늘 복사붙여넣기이다 ,1,0
54,고객센터에 불편사항을 말하면  상담사는 고객을 고객말을 안듣고  고객의 의사와 상관없이  연락을 요청하지 않아도 밤  시반에 전화를 받을 수 있습니다  ㅡㅡ  거만한 말투의 남자  관리자라는 사람이 전화해서 자기말만 하다가 수틀리면 ㄹㅇ 성질냅니다  아니  불편내용을 들어줄 생각도 없고 자기말만 할거고 저한테 화낼거면 전화달라 요청한적도 없는데 한밤중에 왜 전화한거죠  이런데는 처음이예요  다시 전화올까봐 무섭네요 ,3,0
55,검색창 눈에띄게 위로 올라갔으면  저희야 괜찮지만 폰 사용이 익숙치 않은 부모님 세대는 검색창을 찾지 못해서 그 많은 음식점목록을 계속 뒤지고계시더라고요 ㅠㅠ,5,1
56,카테고리안에서 검색을 할 수가 없어 너무나도 줄편하다,1,0
57,픽업 관리를 하셔야 할 거 같습니다 애초에 배민  이라는 기능이 좀 어이 없는 제도인 거 같아요 마치 딸배들이 배달할 때 여러 매장을 한 번에 가는 건 당연한 일 이라고 정해두는 기분이네요 그리고 일정 거리 벗어나면 오토바이 기사로 정해주셨으면 합니다 오는데 음식이 다 식어요 매장에서 조리  분 걸린다고 해놔도 기사님들 배달 접수 해놓고 한참 이후에 오는데 거기다 자전거까지 걸리면 그냥 다시 데워먹어야 해요  생각해보니까 꼴 받네요 매장에서 조리 시간  분이라 하면  분 안에 와서 대기 타라고 해요 식으면 매장 별점만 낮아지니까 알 전체 리뷰,1,0
58,아무리 배달시켜 먹어도 포인트 원 한닢 적립안되는 포인트가 있는줄도 여태 몰랐음 ㅎㅎ,5,1
59,예상  분 실제배달  시간 분 더럽네 저녁먹을려고 시켜서 야식먹는 더러운 시스템 ㅅㄱ,5,1
60,주문내역에 리뷰남기기가 안떠요  맛있어서 리뷰남겨주고싶은데 다른집들도 다 리뷰남기기가 안떠요 ,4,1
61,업데이트 한 후로 자꾸 배민페이가 안돼요  몇번을 껐다 다시들어가고 너무 불편해요,1,0
62,배민 진짜 사용자주하는데 한번씩 배달가능하던 가게가 급 배달불가지역이라고뜨고 ㅜㅜ 첨에는 이지역이 인제 배달불가가 된건가했는데 같은아파트사는 지인은 또 된다고뜬다고 그러드라구요 ㅜㅜ 누구는되고 누구는 안되는 이건뭔가요ㅜㅜ 동단위로 무슨 배달불가가달라지는지ㅜ,1,0
63,주문한 메뉴는 도착도 안했는데 배달완료로 뜨고 고객센터는 전화를 받지도 안고 음식 주문해놓고  시간  분을 기다렸는데 이럴꺼면 배민  이 있을 필요가 있나요  배달의 민족은 믿고 걸러야 겠네요,2,0
64,뉴스보고 왔습니다 멀쩡한 가게 문닫았음 표시하고 장거리 주문 비용 나가니까 막아놓고 아주 악랄하더만ㅋㅋㅋ 진짜 현대시대 기업 맞음 ㅋㅋ,1,0
65,제발 주소좀 이전주소로 안시키게 확인좀 합시다  주소 저장이안되게 하던가 이건 다른곳에 있으면서 저장된 주소로 시키는일이 한두번도아니고 한사람당 꼭 한번씩 경험 있는거보면 앱이 문제있는거아닙니꺼   결제할때도 주소 꼭좀 확인하라고 알림을주던가해야지 가게입장 배달원 입장도좀 생각합시다,1,0
66,제꺼는왜자꾸지우세요 리뷰별점 적게주면 삭제하고 고객 센터 자꾸전화와요 이거지우시면 그동안문자 메일 모아서 어디든올립니다,1,0
67,양쪽 입장 생각할 줄 모르고 냅다 신고접수해서 사람 하나 나쁜 사람 만드시네요  안 그래도 배달 횟수 너무 많은가 했는데 덕분에 시원하게 앱삭제하고 다른 플랫폼으로 갈아탑니다  고맙습니다  문의 같은 것도 애정이 있어야 하는 거예요 ,3,0
68,회원가입 할때 인증번호 과정에서 폰 번호를 정확히 기입했는데 아무리 기다려도 인증번호가 오지 않아요  피드백을 드려도 개선할 생각이 없으시면 인증번호 과정을 그냥 누락 시키는게 어떨까요  아무리 기다려도 인증번호가 오지 않아 가입이 안되는데 이럴꺼면 이 부분을 누락시키던가 개선하든가 신규 회원을 아예 안 받는다고 앱 페이지에 대문짝하게 쓰는게 좋을 거 같아요 ,1,0
69,리뷰볼때 해당 메뉴에대한 리뷰를 따로 볼 수 있게 해주시면 더 좋을 것 같아요 ,1,0
70,배민 이용한지 오래됬는데 이사오고나서 전화로 자꾸 위치어디냐고 전화를  분넘게한적도 있구요  슬슬 스트레스 받아서 여기에라도 올립니다  지리 잘 모르시는분이면 주문 안받게는 안되나요 ,1,0
71,며칠전에 토스뱅크 출범을했는데요  결제수단을 토스뱅크는 언제 추가가 되나요  그리고 결제수단을 토스뱅크카드가 하나카드로 등록하면되는데 안되더군요,1,0
72,음식주문거래가 끝났을경우 가게에서는 개인정보를가지고 연락을 못하게되어있는것으로 알고있습니다  주문한 가게에서 리뷰삭제요청 연락받고 앱 삭제를 하는 계기가되었네요 ,1,0
73,배스킨라빈스 시킬때 무조건  가지씩만 가능하네요 한가지맛  개를 시켜먹는게 불가능해요 선택이 불편하네요,1,0
74,배달팁 적은순 기능이 아무 쓸모가 없음  배달팁  이런게  원부터라고 맨위에 뜨는데  만원 이상  원 이런식이면 왜있는건지 모르겠음  최대 배달팁 적은순 기능이 나오지않으면 있으나없으나한 기능이면서 보면 짜증만남,5,1
75,왤케 나댐  음식이  원도 안 되는데 배달비가  원인 건 무슨 개떡같은 경우이며 비대면결제만 가능하다는 건 뭔 개소리임  카카오뱅크 미니 계좌 쓰는 학생들은 그럼 시키지를 못하고 배달이 아니라 포장  즉 내가 가지러 간다고 해도 거기서 계산이 안 됨 나이든 분들은 계좌 연동 당연히 안 돼 있을텐데 개빡치게 무슨 자신감으로 이럼  대면 결제가 코로나에 문제가 됐다는 기사 한 번도 본 적이 없는데 쓸 데 없는 짓 하네,5,1
76,사장님도 똑같이 리뷰 답글 주문일로부터  일 제한 두면 어떨까요  소비자는  일 지나면 수정 못하는데  거진 일주일도 넘은 리뷰에 이제야 슥 답글 다시니 마치 고객 측에선 재발언할 권리가 없는 것 같아 기분이 좋지 않네요  영업하기에 바빠서 늦으신다고 말하기에는  다시는 분들은 만 일 내에 다 다시던데요 ,1,0
77,  좀 추가해서 잘만들길  없는기능 상담사 연결해야하는데 연결이 안되 바빠서  그럼  를 만들던가,1,0
78,어째서 지역별배달료 측정해놓은거랑 결재할때 배달료다 시키는곳마다 다틀린지 동네오는데 원돼있길래 결제들어가면  원이 되는건가요,1,0
79,오픈시간전에도 주문이 가능 했으면 좋겠어요 그리구 가게 오픈하면 사장님이 주문확인하구 접수하는 그런  희망사항입니당,1,0
80,배달앱은 다 좋은데 오르막길 넘어서  이상 장거리 배달로 픽업지 까지 도착했는데 생각보다 많은 주문취소 때문에 헛고생 하는일이 있어서 힘드네요 가게에서는 배달 주문하신 손님이 직접 방문하여 음식을 가져 가셨다고 말씀하셔서 허탕친게 한 두번이 아닙니다 그럴때마다 상담 문의를 통해서 주문을 취소했는데  그것마저도 시간이 걸렸고요 좀 답답하네요 손님이 중간에 배달취소를 하시면은 라이더에게 중간에 알려주는 시스템을 도입하거나 아니면 상황에 따라 주문취소를 못하게 막아주셨으면 바랍니다,5,1
81,평상시 자주 애용하는 앱입니다만 공유주방으로 한 업체가 모든 카테고리를 독점하다시피 해버리니 이만저만 불편한 게 아닙니다  어느정도 생성할 수 있는 한계선이 있어야 하는데 최소주문비 등 가게 정보 찾아보면 모두 한 업체  등록 광고 수수료를 한 가게당 받으시는 입장에선 효율적이겠지만 소비자 입장에서는 불편하기만 합니다  이후로 공유주방 가게들부터 거르는데 한 세월이 걸리니 해당 앱 사용하기가 꺼려지네요,1,0
82,이유 선택해야 주문 취소될 수 있는 기능있었으면 좋겠어요 한참 있다가 주문취소됐는데 이유도 모르고  그냥 담부터 안 시켜먹게돼요,3,0
83,주문내역이 갑자기 하나도 안 뜹니다  앱 삭제하고 다시 까는 등도 해봤지만 해결이 안되네요,1,0
84,별 하나도 아까움 배달기사분은 안심번호로 문자를 보냈는데 나는 못받음 한두번도 아니고 확인해봤는데 이건 걍 배민쪽 문제인듯 가게쪽에선 배달완료 떠있는데 내쪽에선 아직도 배달중이라고 떠있고  자주 이용했었는데 다시는 이용하는 일 없을듯,1,0
85,개발자님 탭으로 볼 땐 크게 볼수있게 글씨크기를 화면에 맞춰 키워주십사 요청드립니다  탭으로 보는데 폰과 글씨크기가 같아서요 ㅜ 부모님은 글씨크기가 작아서 주문을 잘못하세요ㅜ,3,0
86,배민 은 배달원이 한 집꺼만 배달하게 해서 빠르게 하겠다는 생각 아니였나요  근데 배민 로 시켜도  시간씩 걸림 그냥 배달원들은 배민 이든 뭐든 몇개씩 배달하는듯  그리고 배민  쿠폰 뿌리던데 배민  쓰는 가게들은 그냥 배민보다 배달료 더 많이 받아서 시키는 입장에선 쿠폰쓰나마나 똑같네요 배민 쿠폰이  천원인데 그만큼 더 받아내더군요  대부분의 가게들이  무슨 의미가 있나싶네요 ,3,0
87,첫 주문이라 만원 할인쿠폰을 받으려 하는데 본인인증을 완료하지 않아서 발급이 불가능하다 뜨네요 전 본인인증을 한거같은데 첫 주문부터 이런 오류라뇨,4,1
88,배민 잘 사용하고 있습니다 한 가지 건의사항이 있어서 리뷰 남겨요 주문내역과 리뷰관리 페이지에서 제가 구매한 내역과 쓴 글을 가게별로 볼 수 있었으면 좋겠습니다 그리고 해당 가게에서 구매를 몇번했는지도 나왔으면 좋겠어요 일일이 내려보는게 불편하네요 그거 제외하고는 잘 사용하고 있습니다 ,1,0
89,배달  배달권역지역아니면 가게좀 안뜨게해주세요 급하게 시켰는데 몇번 전화와서 취소하니 진짜 진빠져요 ,1,0
90,다 좋은데요  지역화폐도 등록해서 사용할 수 있었으면 좋겠습니다 ,3,0
91,아니 차로  분거린데  분걸리는게 어이가없네요 ㅡㅡ  ,2,0
92,리뷰중에 원하는 메뉴에 대한 리뷰를 선택할 수 있게 해주시면 매뉴선택에 너무 좋을 것 같아요 ,1,0
93,안녕하세요  저는 나쁜리뷰를 남기지 않는사람이지만 너무 화가나고 어이없어 저희와 같은 피해가 없길 바래 한말씀 올리려고합니다  저는 개인적으로 처음 룽 과 배달이 마음에 안들어 새로보인 유림중화요리점에 배달을 시키게 되었습니다  일단 요청사항에 기사님께 문 앞에두고 문자를 남겨달라고 한 상황이었습니다  그런데 애들과 애완견만 있는 상황이었고 누군가 문을 두드려 애완견이 짖고 애들은 놀란마음에 저에게 전화까지 온 상황이어서 급하게 집으로 가서 보니 주문한음식이 와 있었고 음식들을 가지고 들어와보니 일회용젓가락을 보니 정말 시키 전체 리뷰,1,0
94,즐겨찾기가  개 이상 되었을때 표시에 문제가 있습니다,5,1
95,배달 가능 지역이 아닌곳에서 실수로 주문을 넣더라도 앱상에서 이를 막아주는 장치가 없습니다  이로 인해 주문이 잘못들어가서 몇십분씩 기다리다가 주문이 취소되어도 소비자는 아무것도 할수없고  배민 또한 아무 책임을 지지않습니다  수수료만 받으면 된다는 식의 플랫폼 운영은 참 화나네요 ,1,0
96,굿굿 보기도 편하고 자주 이용하게 되네요,1,0
97,참나 어이가 없어서 ㅋㅋㅋㅋ배민 진짜 많이 쓰고 최고등급이었는데 번쩍배달이라더니 미팅있어서 시간보다 한  분 늦어도 상관 없었는데 실제 써져있는 최대시간보다  배정도 늦게 온 것은 물론이고 취소 해달라 했더니 오래 걸려서 그 사이에 무작정 픽업해서 배달 하시고 그냥 하 좋게 생각할랬는데 아무리 생각해도 기분이 구려서 리뷰 썼더니 그 가게에서 가리네요 뭐가 이렇게 자기들 마음대로인지 ㅋㅋㅋㅋ뭐 인터넷에 나온 악성리뷰들은 안가리고ㅋㅋㅋ 제가 줌 미팅 있어서 시간 보다 늦게왔어도 그래도 몇입이라도 먹을 수 있을 줄 알았는데  붕 전체 리뷰,4,1
98,한 가게 여러개 등록하기  한 사업자로 가게 여러개 등록하기  가게이름과 사업자등록업체 이름과 다른 것 등 편법 좀 규제해주세요 ,1,0
99,고객센터 진짜 개념이 없다  나도 고객센터 일해본 입장으로 씀  고객센터가 공감대 형성 못하고 손님 알기를 뭐로 알면  회사 자체가 뭐구나 하는 생각한다  그리고 고객센터 자체가 원래 다른 교육보다 최우선으로 하는게 공감대 형성이고   그러셨어요  이거 항상 생각하라 한다  아예 프린트물 붙여놓으라고 준다  고객관리 문제 있다는 쿠팡조차도 고객센터는 이렇지 않다  지금까지 내가 본 고객센터 중에서 최고봉으로 최악이다  심지어 배달시킨 가게가 쿠폰써서 최소금액 미만됐다고 바쁘다는척 일방적으로 취소한건데 고객센터 신경도 안쓴다  친구들 전체 리뷰,1,0
100,이벤트를 사기를 치네 ㅋㅋㅋㅋ 배민  시간대별 이벤트 정확히  시에 쿠폰 받고 결제 넘어가서 쓰려는데 그 시간이 스톱워치로  초 걸리는데 선착순  명이 마감이라고  ㅋㅋㅋㅋ 점점 쓰레기민족이 되가는구나 ,1,0
101,여기그냥 깡패네요 주문하고 바로메뉴 바꿀라고 가게정보 봣는데 아무것도 없어서 고객센터연락하니깐 그냥 먹으라네요 변경이안된다고요 바로연락드렸는데  어찌나 어이가없던지 깡패업체도아니고 그냥 막나가자고 하는거같네요 일처리가 너무 느리고 먹고싶엇던음식은못먹고 엄한음식 두입먹고 돈버렸네요 다른어플 써야겠어요 획시몰르니 여기 쓰지마세요 질이 안좋아요,1,0
102,제발 배달예상시간알림보내고난뒤  분동안이라도 시간확인후 주문취소할수있는 취소기능좀 추가해주세요,3,0
103,다좋은데요  주문해먹고 음식이 입맛에 안맞았을때 소비자만볼수있게 체크해놀수있는 기능이있었음좋겠어요 리뷰를잘안쓰니까 별로였던거기억못하고 또시켜먹은적이 은근많아서요 구지리뷰안쓰고 거를수있으면 주관적인 안좋은리뷰도 어느정도 없어질것같아요  참고해주세요 ,1,0
104,내 리뷰 어디감 최대할인 쿠폰 자동적용좀 해주세요   기술이 없는 것도 아니고 이쯤되면 쿠폰 안쓰는걸 원해서 자동적용 안시키는거 아닌지,1,0
105,뭐 말만하면 배민잘못은 아니라고하네 배달 늦는거도 잘못없고 배달이 안온거도 잘못없고 연락 없는거도 잘못없고 이 어플은 왜 있는건대 그럼 관리를 안하는거 아닌가 ,1,0
106,아니  장바구니 좀 어떻게해줘요  장바구니 보이지도 않고 담아놓은거 왜 없어져요 ㅡ,3,0
107,잘 쓰고 있습니다  하지만 여러 기능이 추가 되었음 합니다  밑에 분 글 내용처럼 배달팁 낮은 순배열 점주들이 꼼수 쓰지 않게 부탁드리고 가게 오픈 시간 별 필터도 추가 되었음 합니다  신규 업소도 따로 볼 수 있었음 합니다  같은 가게들이 중복되어서 신규업소나 다른 곳이 안보이기도 합니다 ,3,0
108,별 하나도 아깝네요  정작 먹고 싶을때 배달 준비중으로 나와 배달하여 먹을 수 없게 하네요,1,0
109,왜 로그인이 안되죠  자꾸 부모님동의 하래서 했는데도 안되고요 로그인하나하는데 무슨 문제가 왜이렇게 많나요 로그인하다 빡쳐서 그냥 요기요로 넘어갑니다,5,1
110,업데이트 되고나서 같은가게를 검색해도 어디서는 배민 가게가 뜨고 어디서는 배민라이더스만 뜨고 통합검색말고 따로 검색하는것도 만들어주세요,1,0
111,배민 은 쓰지마세요  배달시간  분은 무슨 라이더안잡혀서 음식 다식고 다시만들어서준다고하면 다시받을땐  시간 분지나는데 이시간이면 그냥 일반으로 시키는게 더빠르겠네  우리할머니가 배달해도 이거보단 빨리오겠다 ,1,0
112,배민 처음 한번 실망하고 이용 안하려다 그래도 주문도 편하고 해서 그냥 이용하자 했는데 이건 완전 지금 주문건 이후 다시는 이용할일 없네요 한두번 현금 결제도 아니고 주문은 한번 했는데 세상 같은 음식이 같은시간분에 두번이 주문이 되어서 음식이 두번이나 왔네요 기사님 계속 기다려서 어쩔수 없이 음식값 두번 배달비 두번 결제했고 고객센터로 전화하니 전산문제 아니라고 처리 못해준다니 그래요 잘먹고 잘사세요 나 한사람 이용 안해도 존재감 없겠지만 저는 만족합니다 그래도 세번 실망 안하니요,3,0
113,안녕하세요  잘쓰고있는 사람입니다  혹시 달 구독서비스를 만드는게 어떠한가요  한달 마다 만원 이만원 주고 배달비를 안받는  그런 달 서비스가 있으면 정말 편할거 같아요  그래도 지금 현제로서는 이거 말고는불편한게 없어요  감사합니다 ,4,1
114,배민  쿠폰을 써서 음식을 주문했습니다 그런데 배달예상시간보다 한시간이 훌쩍 넘어  너무 늦길래 음식점에 전화했는데 음식점에서는 배달라이더가 안잡히는 상황이라 잡고난후 음식을 만들겠다 했습니다   시간이 지났음에도 음식조차 만들지 않은 상태였네요 가족끼리 야식을 먹으려 늦은시간이었고 시간대는 이미 지나서 다른곳에서 주문도 못하고 굶어야했는데 음식점이든 고객센터이든 대처방법이 너무하네요 무슨 전화로 늦은시간에 마음에도없는 죄송하단 한소리에 끝나니 너무 어이없고 기분상하고 실망이네요 시간이 어느정도 지났다 싶으면  분전에는 고객한테  전체 리뷰,1,0
115,득 방송에서 보는 생생함 그대로 집까지 전해드립니다   따뜻한 한 끼를 보내세요 이제 배민에서도 선물하기를 통해 따뜻한 마음을 전할 수 있어요   다양한 먹거리  생필품 배달  마트  일상 속 필요한 상품들을 주문하고 바로 배달 받을 수 있어요  현재 서울  인천  경기 일부 지역에서 만날 수 있어요   가까운 가게는 포장  포장 ㄱㄱ,1,0
116,리뷰쓸때 먹은사람이 맵기 단계 어땠는지 체크할수있는거도 볼수있으면 재밌을거같음 그 평균값을 볼수있으면 좋겠음 천난만날 순한맛 캐놓고 신라면 내놓고 앉음,1,0
117,결제시 어디 은행 카드 이런걸 적어야해서 너무 싫고 메일 이런것도 적어야해서 정말 맘에 안들어서  점드림 굳이 그런 카드 그런걸 해야하나 싶네,1,0
118,예상 시간  시간이 넘어도 안 오네요  진짜 개쌍욕 나옵니다 ,1,0
119,박정자 할매 매운 갈비찜 동래점  소문듣고 배달 직행  역쉬  양에 놀라고 맛에 놀란다는게  실감하게 하네요  갈비를 어떻게 숙성을 하셨는지 잡내가 전혀 없고 부드럽네요  저희 모친 께서도 맛나게 잘 드시니 참 기분좋습니다 ㅎㅎ 막 국수도 맛있게 드시는 어머니 모습 허뭇합니다  갈비먹고 남는 양념 국물에 김가루 뿌리고 밥 볶아 먹어도 맛 좋을듯 합니다 버릴게 없는 가성비 최고의 갈비찜 이네요  맛있는 음식 배달 해주셔서 감사합니다  사장님 ,1,0
120,맛있게먹고 리뷰이벤트로 리뷰했더니 허위로 차단당함  전화하니까 영수증 첨부해서 이메일 보내거나 내년에 전화하면 차단풀어준다는데 누가 그걸 다하고 있는지 이해가안감,2,0
121,잘쓰고 있어욥 근데 리뷰에 화가 나신 분들이 많은데 정말 이유가 말도 안되네요 역시 먹고 살기 힘드네요 화이팅하세요,4,1
122,너무 잘 사용하고 있고   요청사항 에  자주 사용하는 문구 추가 란이 있으면 좋을 것 같아요  점심은 회사  저녁은 집에서 배달 주문을 하는데  직접 입력 하는 요청사항이 달라요  집은  층 현관 비밀번호  회사는 입구 설명  그래서 매일 두 번씩 두 문장의 요청사항을 새롭게 입력해야 하는데 앱을 이탈해 저장해둔 문구를 복사하고 다시 앱으로 넘어와 붙이기 하는 과정이 넘 불편하네요 ㅜㅜ 현재 선택 가능한 항목들 문앞에 두고 벨 눌러주세요  직접 입력  외 본인이  개 정도 저장할 수 있게 하고  이를 주문 시 바로 선 전체 리뷰,1,0
123,배달의 민족 맛집랭킹이랑 주문많은순정렬 왜 안뜨죠  새벽에 문 다닫아도 떴었는데  문닫으면 왜 표시가안되는가요 불편해요 ,4,1
124,요금이 너무하네요 이럴바에 가서사다먹는데 낫네요,4,1
125,배민페이 환불 계속 안되네요 ㅋㅋㅋ다른 사람들 별점도 보니까 배가 부른거 같은데 지역 배달앱이나 쓰죠 뭐ㅋㅋㅋㅋ,1,0
126,사장님 넘 맛나게 잘먹었어요  사진도 찍어올려야되는데 못찍고 먹어븟네요  다음에 또 시켜먹을께요 ,1,0
127,찜목록 있는거 너무 좋은데 블랙리스트  같이 가게 목록중에 본인이 제외하는 가게는 안뜨는 시스템도 있었으면 좋겠어요,5,1
128,역시 우리는 배달의 민족 잘사용하고 있습니당 다만  가지 기능이 추가되면 더욱 완벽할것같아 말씀드리려구용 주문내역에서 검색기능도 있었으면 좋겠어요ㅜ과거에 시켰던 곳이 맛있어 키워드로 검색하고 싶어도 기능이 없으니 일일이 찾아봐야하는점이 아쉽네요ㅜ배달을 별도 안시켜먹었다면 쉽게 찾을수있겠지만 자주시켜먹는 사람에게는 데이터가 많아 찾는것도 일이더라구요ㅜㅠ부탁드립니다 ,1,0
129,생각하면 할수록 이해가 안되는게 배달팁  뭐 그래 있다고 쳐  근데 배달료를 부담하는 시스템인데 왜 거리가 아니라 가격에 따라 바뀌는거야  그리고 내가 주고싶어서 주는게 팁이지 ㅅ새들아 이름 배달료로 바꿔 그냥,5,1
130,개인적으로 찜 목록에서 가게 닫은건 밑으로 안닫은건 위쪽으로 정렬 되었으면 좋겠습니다 ,1,0
131,배민을 몇년간 꾸준히 이용한자로 리뷰란걸 더욱 믿질 못하게 되었습니다 맛없다고 환불요청한것도 아니고 개인적인 입맛으로 평가해서 작성한후기가 블라인드 처리된다는게 상당히 우습네요 알아보니 이런일이 저만 있는것도 아니더라구요  우선 블라인드 처리가되면 카톡이 날아옵니다 그러면 블라인드 처리를 비동의 누를수있는데 이때 드는 기간은  일입니다 그럼  일이나 지난 리뷰를 누가 봅니까  어플 리뷰 처음달아보는데 진짜 얼마나 어이없으면 제가 여기다 남길까요  이번일은 실망이 크네요,1,0
132,렉 자주 걸려서 멈출때 많고 비방리뷰 아닌데도 점주가 리뷰 삭제요청하면 무조건 들어줌ㅋ,1,0
133,배민이 배달문화를 다 바꿔놨다고 해도 무방한데 배달 기사를 관리할수있는 대책은 하나도 생각을 안하는듯 말만 맨날 배달문화 바꾼다 이러지 실질적으로 하는게 뭐임 도대체 지들때문에 이제 대부분의 음식점이 검증안된 모르는 기사한테 음식을 맡겨야되는데 그새ㄱ들 관리는 누가하냐고 중간에서 돈받아먹으면 책임도 질 줄 알아야지 점주들한테는 별점평가 잘만하면서 기사는 왜 관리를 못함 진짜 기사때메 음식버리고 돈버린거 한두번이 아님 드러워서 내가 가서 픽업해올꺼임ㅂㅂ,5,1
134,앱 잘 이용하고 있다가 다이어트 때문에 잠시 이용 잘 안했는데 등급 떨어 지는거 이해 안가네요  이럴거면 등급을 왜 만들어 놨는지 이해도 안가요 등급유지 는 안되는건지 정말 이해가 안됩니다 이용 잘 안한다고 등급 떨어지는게 정말 이해가 안되요 급 탈퇴하고 싶어 집니다,1,0
135,전에는 음식과 주류선택을 하면 배달이 같이 왔는데 어느순간부터 주류선택시 성인인증을 하라고 하던데 인증을 선택하면 인증문자가 안와서 몇번을 시도해도 안되고 결국포기함,1,0
136,배달기사님이 문 앞에 서있으실래 문 앞에 두고가주세요  를 두번 정도 했는데 하 씨  이러시뎌라구요 기분 나빠서 다음부턴 쿠팡 이츠 쓸 것 같아요,1,0
137,자주 주문하는 가게가 여기에만 있어서 이용하는 거지 옮기면 절대 쓰지 않을 듯  진지하게 사장님께 이전 권유를 해야 하나 싶을 정도로 갈수록 지멋대로 광고나 팝업창을 두세 개씩 띄우고 난리가 아니다  리뷰나 평점도 조작하고 소비자 입장에선 전혀 이득이 되지 않는 앱 ,3,0
138,배달비 최소 금액 기준으로 뜨는거 너무 킹받음  최소 최대 배달비가 다 보였으면,1,0
139,생각 할 수록 어이가 없는게 왜 기본값이 수저  입니까 니들 때문에 매번 실수해서 아주 기분이 거지같을 수 밖에 없어요 싯,4,1
140,한창 배민 잘 사용하다 요기요로 갈아타고 느낀점 평을 남기자면 대부분 업소 위주의   디자인 이라는게 눈에 훤히 보임 배민  디자인 팀은 요기요 들어가보고 반성좀 하세요 다시 배민 어플 이  등 하고자하는 맘이 있다면 말이죠ㅋㅋㅋㅋ 없는거같지만  답변글 보고 제 의견이 잘못전달된거같아 확실하게 말씀드립니다    반영하여   배치는 괜찮아요 제가 말한건  의 구성적인 요소로 말을 한건데 포장관련에서는 문제 없다고 생각합니다  배달 같은 경우 대부분 업소들이  만원 이상 구매시 배달료  원 으로 설정하고 소비자는 전체 리뷰,1,0
141,요새 저희 동네만 그런건지 계속 비마트를 이용할 수 없어요 날씨와 상관없이 계속 주문이 많다고 이용할 수 없다하는데 확인부탁드려요,1,0
142,핸드폰 명의가 외국인으로 되어있는데 아는 지인한테 선물 받은  만원 그냥 버리게 됐네요 인증하래서 했는데 내국인만 가능하다 뜨고 이건 좀 불공평한 것 같아요 외국인은 서러워서 어카죠ㅠㅋ 선물 받은거 아니었으면 앱 깔지도 않았을 것 같은데 기분까지 버리고 갑니당 ,1,0
143,배인로그인페이지를 확인해주세요 이문구가  초단위로 뜹니다 왜이런거가요,1,0
144,우리집 부평 동인데 여기 는  동으로 잡혀서 배달료 몇천원씩더받아요 아 진짜짜증나네요,1,0
145,주문내역 전체삭제기능 추가해주세요  지워도 계속나와서 일일이지우기힘드네여 ,2,0
146,배달예상시간이 너무 길어서 취소하려 전화했더니 배민 고객센터로 연결되고 끝없는 번호누르기 끝에 결국 취소 못했네요  채팅으로도 취소 안되고  코로나 때문에 상담사 연결이 어렵다는 변명 언제까지 쓸 참이죠  코로나 끝날 때까지  참 날로 먹네요 ,3,0
147,별점이 왜이런지 깔자마자 알았음 돈도 많이 벌었을텐데 어플관리 왜 이럼  첫결재 쿠폰 받으려니 인증해야한다만 뜨고 뭘 인증해야하는지 어떠한 언급도 없음  폰 메일 인증 다해봤는데도 안됨 왜그런지 찾아봤는데 같은 오류는 많은데 답변 일절 없음  악용사례가 있어서 과하게 막았다고만 되어있음  그런데 왜 멀쩡하게 이용하려는 사람까지 못하게 막아놓음 ,4,1
148,배달의 민족은 항상 만족 하면서 사용합니다 거지같은 갑질 손님들 땜에 고생하시는 업주들 배달기사분들 항상 힘내시고 번창하세요,5,1
149,채팅상담을 하는데 아직 픽업 되지않은 것을 배달 중 이라고 하네요 참 어이없어서 아예 출발안해다고 하면 될것을  분기다리고  분기다리고  하,1,0
150,리뷰 중에서 특정 음식메뉴를 검색해볼수 있는 기능이 있었으면 좋겠습니다  저는  라는 음식에 대한 리뷰만 보고싶은데 전체리뷰에서 일일이 찾으려니 오래 걸리네요 ,1,0
151,배달료를 따로 내는데도 왜 최소주문금액이 있나요  매장에서도 동일하게 판매하고있는게 아니라면 없어져야 합니다 ,1,0
152,배민 으로 배달 신청 후 처음  분이면 배달 완료 예정이라더니 그게  분후 왔어요  그러고 미안하다고  천원 쿠폰 주는데 미안한거 맞아요  그리고 그 내용 상담하던 상담원은 그냥 말로만 미안하다고 말한다고 느껴지게 능글능글  쿠폰 드릴께요  아 개빡치네,2,0
153,배민 직원분들 비번 찾으려고 아이디랑 전번 똑바로 쳤는데도 안되는거 어떡할껍니다  제가 배민을 억수로 좋아하는데 지웠다가 다시 깔아서 비번 찾으려고 했는데 안되네요  넘 실망입니다  아이디랑 전번치고 다음으로 넘어가려고 클릭을 눌렀는데 안 넘어가네요  다시 한번더 실망입니다  진짜 제가 다른 앱을 사용안하고 배민사용했는데 어휴 ,1,0
154,리뷰 작성기간좀 늘려주세요   일이면 뭐 하다보면 까먹어서 못 적어요 ,4,1
155,후기나 필요한 점 쓰는 건 괜찮은데 음식이 많이 늦게오는 경우나 로그인 오류가 생기는  그런상황들이 있어서 불편한 점이 있네요 ㅠ,4,1
156,배달 취소에 관해서 취소를 하면 알림이나 문자같은거를 날려주는거좀 해주세요 알림도그냥 위에만뜨니 직접적인 알림도없고 계속 언제오나 기다리다가 취소된지 이제알고 화만나네요 ,1,0
157,혹시 배민 지금 전산 오류인가요  비번 찾기 안되고 카드등록 안되고 이러지도 저러지도 못하고 있습니다 ,1,0
158,음식을  시 반에 시킴   배달완료가 떴는데 오지 않아서 문의함   배달기사가 오배송했다며 정정배달해준다함   근데  신데도 안와서 문의함   기사가 정정배달했다함  당연히 집엔 오지않고 문앞에 있지도 않은 신발장이랑 집에없는 여자랑 통화했다함  본인 남자임    문의도중에 배달기사한테 연락하겠습니다 하고 상담사가 문의종료함   내 돈은  밥 못먹고 기다린 시간은  진짜 쓰레기같은 시스템 더러워서 쿠팡이츠로 간다,1,0
159,배달의 민족을 잘 이용하고있습니다  모두 친절하구요  그런데 예전에는 리뷰를 올리면 사장님이 답글을 달기 전이나  일 전까지 수정과 삭제 후 재업로드가 됐던 것으로 기억하는데 안되는 걸로 바뀐 것 같네요  사장님이 답글을 달기 전까지 재업로드를 가능하게 해주실 수 있나요   사장님만 보이게 에 체크를 안한 것 같아서 수정에 들어갔지만 뜨지 않아서 삭제 후 다시 적으려 했더니 절대 삭제 후 적을 수 없다고 하네요 ,5,1
160,배민원이란게 배민원이 아님 배달료는 더 잡아먹는데 라이더는 안잡힘 라이더가 친절하지도 않음 오히려 그냥 시켜먹는쪽이 더 빠를때가 있는데 그러면 왜 배민원생긴건지 의문이드네요  그리고 배민원에서 생긴 문제를 가게들이 떠안게 하던데 자영업자들을 호구로 보나봅니다  문제가 많은데 왜 개선을 안하는지 모르겠내요  뭐 이런 말해봤자 매크로답변에 개선따위 안해주실태니까 제가 어플삭제하고 안쓸랍니다 ㅎㅎ,1,0
161,찜 목록에 지역별로 나눠서 표시되게 해주세요 제발 ,1,0
162, 잠깐 이 주소가 맞나요  물어보는 조건이 뭐죠 어째서 까먹고 있을땐 알려주고 바꿔야하는걸 알고있을땐 안나오는건가요,2,0
163,플라스틱수저없음을 왜 기본으로 쳐만들어놔서 사람 두번누르게 만들고 기존시키던대로 깜빡하고 시키면 수저없이 쳐먹게만드는데 이제 배민 안시키고 다른데 씁니다 제거 수고요 상식적으로 수저있음을 기본에 없음을 골라야되게 만들어야하지않나 ,4,1
164,제발  수저 없음 기본값좀 바꿔주세요ㅠㅜㅜㅜ,1,0
165,배달어플 잘 쓰고 있긴 한데요 최소금액 충족시켜서  인분 배달시켰는데 멀지도 않은데 배달취소 시키는 업체가 많네요 이런건 개선해야 되는거 아닌가요  애초에 못하겠으면 최소금액을 올리던지 사람가지고 장난하는것도 아니고 취소해서 리뷰도 못 남기게하고 뭐하자는건지 모르겠네요 이런걸 주문시키는 입장에서 찾아가서 따져야 되는 건가요  배민에서 조치 좀 해줬으면 합니다 어플이 좋긴 하지만 이런거 때문에 주문하기도 짜증납니다 부탁드릴께요 ,1,0
166,너무 가게편에서만 관리를 함  내가  점준것도아니고 그냥 내의견인데 한달동안 블라인드 처리하네  그래도 가게생각해서  점 줬구만 팡으로 간다 다신안씀다,3,0
167,같은 가게가 깃발을 여러개 꼽아서 그런진 모르겠지만 중복가게가 너무 많이 보여서 덕분에 가게리스트 가독성이 스팸광고마냥 매우 떨어짐  동일가게는  개만 보이게 필터링기능 추가안하는지  똑같은가게가  개씩 여러곳이 보이니깐 정상영업하는 가게 찾으려면 스크롤 엄청내려아되니 보기가 싫어질정도,1,0
168,옛날부터 잘 쓰구 있는데 내가 어느가게에서 제일 많이 시켜먹었는지   정도까지만이라도 볼 수 있는 기능이 생겼으면 좋겠는 바램이에요,5,1
169,배민 은 뭐이리 배달료가 살인적인가요   천원은 기본이고 뭔  천원인곳도 있네요  배달료가 밥한끼면 누가시켜먹어요 빨리배달해준다는게 돈이 더 나가는 일입니까  기본 배달료도  천원이라 손떨리면서 시키는데  천원은 좀 아닌것같네요  마트 배달은 뭐이리 늦는지  기사분이 픽업하시고나서 저희집에서  분거리에있는곳인데  분을 뺑뺑돌고 돌아서 오는건 뭔상황인지  심지어 배달예상시간도 지나서 배달오고  제가 왠만하면 악플같은거 잘 안쓰는데 개선할건 개선해야된다고 봅니다,1,0
170,요근래 개월동안 배달음식 시켜먹고  번은 급성장염으로  응급실 가서 검사비 깨졌고 나머지  번은 다행히 낮이라 바로 동네병원가서 식중독장염 약처방 받았어요 한번은 너무심하게 걸려서 과장안하고 토만 번을 넘게 해서 가게에 따져서 검사비 받았지만  이젠 불안해서 못시키겠다  가게에서 위생신경쓰고 전문적으로 포장해놓으면 모를까 포장이 허술하니 문제점이 생기는건지 참고로 밥집가서 머리카락들어가도 빼서 먹는 스타일임  요리하다보면 그럴수있지  대수롭게 생각안할만큼 예민한 성격은 아닌데 이건 한번걸리면 일을 일주일가까히 쉬어야할만큼 타격 전체 리뷰,5,1
171,가맹비나 수수료는 어지간히 빼먹으면서도 고객센터 상담서비스가 욕나오네진짜 성격테스트하는것도아니고 지금 욕이 목구멍까지 차올라왔는데 이걸 어디다 표출해야하나 리뷰같은거 귀찮아서안쓰는데 기분이 너무 멋같다지금,1,0
172,비마트 오배송건으로 통화했는데 무슨 검찰 조사받는 줄알았어요 전화받는 분 남자분이시던데 화까지내시더라구요 ㅋㅋㅋ 내용은 사진 확인해보니 다른건물로 간건데 그거 안내해주는게 그렇게 화낼일인지 너무 당황스러웠습니다  보통 이렇게 관리가 개판이면 회사가 오래못가던데 주문번호  ,3,0
173,배민 디자인 깔끔하고 여러가지로 쓰기 편해서 잘 쓰고 있어요 ㅠ다만 음식주문하기전에 리뷰를 꼭 보는데 무슨메뉴만 시킨게 나오고 무슨 맛을 시킨건지는 안나와서 보고 시키기가 애매하네요  그것까지 나오면 정말 좋을거 같아요  이외에  마트나 환경관련된 문제등 실천하는것도 정말 좋은것 같습니다 ,5,1
174,다른 휴대폰으로 시키기 위해서 본인인증하는데 인증번호를 주지 않네요 놀랍게도  번 이상 시도를 하였으나 계속 문자가 오지 않아서 그냥 쿠폰 버린다 생각하고 요기요로 갑니다 쿠폰보다 제 정신건강이 더 중요한것 같네요 주로 요기요를 쓰는데 배민이 왜 평점이 낮은지 알겠네요 사소한 문제가 사용자에게 상당히 크게 작용합니다 솔직히 사소한 문제는 아니긴 하지만 ,1,0
175,제발 페이코도 추가해주세요 ㅠㅜ 페이코되면 좋을텐데  페이코가 안 되서 한번씩 요기요로 시키게 됩니다 ,1,0
176,갑자기 허위리뷰로 리뷰쓰기가 차단됫다고  년동안 리뷰가 차단됬어요  영수증 첨부하래서 했더니  년이 경과되서 풀어준다하더라고요  차단된 이유좀 알려달라니까 알려줄수가없다  너무 억울하네요  내돈주고 내가사먹고 도둑취급 당하는 기분이네요  사과 한마디없이 상담사도 챗팅 상담사도 둘다 응대 뭐같이 하네요,1,0
177,저희집이 시골이라 시내하고 거리가 상당한데 멀리있음 주문이 안들어 가지네요 ㅠ 정상인가요 메가커피 먹고싶은데 주문불가ㅠ,3,0
178,주문을 잘못 넣어서 바로 취소요청했더니 상담사 연결이 되는데 상담사 연결이 많아 좀 기다림 기다리는 동안 주문요리 완료 및 배달 배차 완료되어서 주문 취소가 불가하다고 답변을 받음 주문 후 바로 취소요청을 했고 상담사와 연결이 되는중이라면 넣은 주문이 일시정지 라도 됐으면 좋겠네요 ,1,0
179,항상 잘쓰고있습니다  근데 리뷰 공정성에대해 문제가많은것같아요  악질 소비자들이 가게 점주 힘들게하려고 댓글과 평점을 박하게 주는것에 대해 불만이 많은걸로 아는데  리뷰 평가 도입해보는건 어떤가요  악성리뷰가 달렸을때 점주들은 삭제할수없어서 곤란할텐데  배민 리뷰 평가 공간같은곳을 만들어서 올리면  다른 사용자들이 리뷰를 보고 아 이건 말도안되는 트집으로 별점  개를 줬다  아니다  이건 가게사장이 잘못했다  이런식으로 투표해서 삭제가 되게끔 하는거죠  이렇게 사용자들이 심심할때 리뷰 평가하면 유저들은 시간때우기도좋고 점주는 정말  전체 리뷰,1,0
180,추가배달료도 사전결제하게 목록을 업데이트해주세요 무슨 쥐꼬리만하게적어놓고 음식도착하니추가료있다하지말고,1,0
181,배민  파티 쿠폰 링크를 받아서 눌렀는데 계속 앱스토어로 들어가지고 쿠폰이 안들어와요 ,5,1
182,선착순으로 받은 쿠폰을 다시 선착순으로 써야하는 이벤트  돈쓰고 욕먹는 결정은 누가 하는건지 ,1,0
183,잘쓰고 있어요  그런데 가게 리뷰 볼때 메뉴별로 골라볼 수 있는 기능  그리고 가게리뷰란에서 내가쓴 리뷰만 볼 수 있는 기능이 추가되면 좋겠어요  내가쓴리뷰가  개가 넘어가니 일일이 이 가게 어땠는지 찾아보기도 시간낭비고 ,1,0
184,너무사용하기불편 메뉴변경할때 짜증이남 변경안됌 가게 연락처도없음,1,0
185,최악의 고객센터ㅋㅋ 문의한 내용에 대해 복사 붙여넣기 이외의 대답을 하지않으며 고객이 뭘 궁금해하는건지 어떤 걸 필요로 하는건지 전혀 알려고 하지않음  해결되지않는 문제가 있어서 고객센터에 여러차례 문의한 결과 복사 붙여넣기 이외의 답을 하지않는다는 걸 알게됨  놀라움,4,1
186,주문접수    배달출발    배달완료   중간에 배달출발 알림이 있다면 정말 좋겠네요  포인트 더 인상   할인행사 등으로 서비스 업  바랍니다 ,1,0
187,배달부가 배달요청사항 지키지도않을거 왜 해놓은건지  초인종누르지말라니까  번을 눌러버리고 음식도 다흘려서오고 고객센터전화하니까 확인하겠다해놓고 답도없는 거지같은앱입니다 ,1,0
188,배달기사 평가를 좀더 정확하게 할 수 있으면 좋겠어요 음식이 너무 않와서 식당에 전화하니까 기사님이 아직 안오셨다고 하고 정작 도착예상시간에 픽업하는건 좀 아니지 않나요  여러군데 들리고 오는거 아닌 이상 이렇게 늦게 오진않을 것 같네요,1,0
189,최소금액이 있는건 가게에서 일부 배달비를 지원해줘서 그런거겠지 ㅡㅡ 배달팁주는데 왜 최소금액이 있냐는 상식없는 말하는사람들 진짜 이해가안되네,3,0
190,고객이 느낀 그대로쓰는 리뷰인데 별점 낮으면 지우고 고객상담실은 도움을 못드려 죄송합니다  끝이네 리뷰조작은 배달의민족이 잘해주네ㅋㅋㅋ,1,0
191,왜 인증번호가 안 오나요 지금  번째 시도중  앱 깔고 지우고  번시도 함  내 번호 확인  번함 ,1,0
192,아이러니하네 이번 패치로 주소 관리 쉬워졌다는데 되려 바뀐  땜에 팝업 안보여서 첨으로 오류내버렸네 회사있는데 집으로 보내버림 개같다 진짜   좀 건들지마,1,0
193,음식점 업체에서 음식을받고 밥에서 털이 한번 나와서 교환후 또 받아서 먹으려고하는데 계란말이에서 또 털이 나오네요 이런업체 뭘 믿고 먹어야하는지  위생이 한번도 아니고 두번씩이나 그러는데 결국 음식 안 먹고 다 버렷어요 사진찍어서 올리고 싶은데 댓글만 가능한가보네요 ,3,0
194,업데이트 될때마다 불편해지는 느낌 포장 배달 따로 나뉜 이후로 개불편해짐 원래 포장 되던데도 안되는걸로 바뀌는건 뭐야 ,1,0
195,언제부터인가 배민 이 도입되면서 일반배달로주문하면 면이 다 불어서 오거나 배달에 늦는 등 여러집을 돌아서 오는게 당연시 된 것 같습니다  그래서 배민 으로 시키면 배달비를 더 받는 가게도있어서 결국은 배달비 인상으로 느껴질 때도 있습니다  배민을 애용하는 고객입장에서 배민 이 과연 좋은제도인지 의문이 드네요 ,3,0
196,돈만 빠져나가고 주문은 안들어가고 뭔 상황인지 모르겠네  가게에서는 배민에 연락하라하고 배민은 내역 없다하고  빨리 취소나 시켜,1,0
197,주소를 올바르게 입력해도  번중에  번은 다른곳으로 배달이 되네요,3,0
198,대체 배달불가 지역은 배민 목록에 왜 뜨나요  실컷 고민하고 막상 배달시키면 취소당한적이 한두번도 아닌데 언제쯤 업데이트 되나요  점점 사용하기 싫어지네요  진짜 몇번이나 그러는데요 좀 업데이트 좀 하시라고요 제가 직접 거리 얼마나 먼지 확인하면서 주문하면 걍 사용하는 의미가 없잖아요  배민  은 걍 안되는데만 주구장창 뜨고 걍 극혐,3,0
199,얼탱이가없네요 이러니까 팡이츠한테 밀리는거에요 오늘부로 배민삭제할게요 쿠폰 초만에햇는데도 안되고 지금장난합니까 ,1,0
200, 선정되면 배민  쿠폰만 주시는데 솔직히 너무 쓸데없어요  쿠폰 써도 그냥 배달보다 더 비싸고 이젠 굳이 배민을 계속 써야할 이유를 못 느끼겠어요 ,1,0
201,브랜드관에서 오늘의 할인란이 있어서 해당요일에 할인하는 브랜드를 한눈에 볼수 있어서는 좋은데 왜 다른 요일껀 한눈에 보는게 없는거죠  예전 버전에는 그게 있어서 요일별로 할인하는걸 한눈에 봐서 참고했는데 다시 그 기능을 살려주셨으면 합니다,5,1
202,오토바이로만 배달 받는 선택사항 추가해주세요  자동차로 배달 받는건 지연배달되네요 ,3,0
203,주문을 아예시킬수가없는데요 카드결제아예안되고 그 이유도 알려주지않음  리뷰읽어보니까 저같은사람 또 있고 배민페이를 해야만 결제가되는거같은데 그걸 여기까지와서 알아야하나 ㅋㅋ 공지를 띄워주던가 뭐하는지 완전진짜 최고의앱 ,1,0
204,사용이 편하긴하나 이해가 안돼는점이있습니다  배달팁을 받을꺼면 최소주문가격이 왜 있는지 모르겠습니다  배달팁을 받는다면 단 한개를시켜도 배달이 와야하는거아닌가요 ,1,0
205,리뷰를 왜 업체에서 숨길 수 있게 하는건가요  고의적인 악성 리뷰도 분명 존재할테지만 전 제 돈으로 사먹었는데 또 정확히 작성하기 위해 리뷰이벤트 신청도 안하고 현상 그대고 음식 퀄리티가 너무 낮아 낮은 별점과 그 이유를 적었습니다  제 리뷰에 비속어라도 있으면 모를까 그것도 아닌데 내려진 이유가 납득이 안되네요  다른 이용자들은 리뷰 이벤트를 받고 올린 좋은 글들만 도배된 것에 속는건 옳은건가요 ,1,0
206,갑자기 검색이 안돼요 목록에 있는가게도 검색하면 안나옵니다,1,0
207,배민 앱이 간편해서 사용하긴 좋지만 인증이랑 가입하는게 계속 반복되어서 누군가에게 부탁을해서 주문을해야함 인증을 해도 가입이 안되는데 이럴거면 비회원으로할까 했는데 비회원은 카드 안된다네ㅋㅋㅋ 진짜 어이없고 인증할때 번호까지 제대로 적어서 해봤는데 안되고 되려고하는데 부모님 자녀 배민계정 없다고 하던데 별한개도 안아깝네  그렇게 앱만들지 마라,5,1
208,엄청 배달 많이 시켰었는데 이제 배달비 무서워서 집에서 밥해먹으려구요 배달비 올랐다고 배달 퀄리티가 좋아진것도 아니고,1,0
209,수수료 받아먹는 중간업체라면 소비자와 업체간에 분쟁이 일어났을때 잘 조율하는 것도 중간업체의 책임도 있다는 것인데 조율은 커녕 오히려 분쟁의 원인이 되고 그걸 또 나몰라라 하는 행태에 더 열이 받는다  한국사회에서 그딴식으로 사업해서 얼마나 잘되는지 지켜보겠습니다  이 리뷰를 끝으로 배민 손절합니다  영원히 안녕 ,1,0
210,분명 로그인 하려고 했는데 인증문자가  번을 해도  번을 지웠다가 깔아서 해서 안오는거 같습니다,1,0
211,각 메뉴별 리뷰달기 또는 보기기능도 생겼으면 좋겠어요 리뷰창에서는 보기 힘들어요,3,0
212,배달이 정말 잘 와요 정말 최고 ,1,0
213,배민  사용 금지   시  분에 저녁먹으려고 하나 시켰는데 배달 잘못감  가게에 전화하니 배민  시스템은 배민에서 관리하는거라 자기네도 라이더분 연락처 없다고 방법이 없다고 함  고객센터 겨우 연락하니 재주문 해주겠다고 재조리 후 재배달 요청함  두 번째  시간  분을 기다려도 안오길래 고객센터 다시 전화하니 이미 재배달도 완료된 상태라고 함  나는 문자나 알람도 받은것도 없고 채팅으로 하는 고객센터는 답장이 느려  분이나 더 걸렸음  두 번째도 잘못 간 거임  저녁으로 먹으려고  시전에 시켜놓고  시  분에  번째 재배달 전체 리뷰,1,0
214,제발 검색기능좀 활성화 해주세요 대한민국  업이 어떻게 이렇게 검색기능을 찾기 어렵게 만들어놓나요  게다가 가게에서 음식 검색기능도 없고 심지어  마트는 검색기능도 없어요  어느 사이트를 가든 다 있는 검색기능이 배민에는 없는게 불만이에요 ,3,0
215,주문취소 버튼이 없음 버튼이없는데 매장직접 전화로 하면 더 빠르다는 안내문구없음 바로 실시간 채팅안내로 방법안내하는데 실시간 채팅 일처리도 느림 전화했더니 실시간 채팅없다는 말을함 전화중에 실시간채팅은 지연안내문자를 하고있음 실시간채팅도 느리면서 자세한 설명이 없는지 이해가안감 설명을 하기싫음 응대라도 빨라야하는거아님 ,5,1
216,점점 안좋아지기만함 배달비는 점점 비싸지고 앱을 많이 이용하면 이용하는만큼 쿠폰 혜택이라도 있더니 이제 그것도 없고 점점 안좋아지기만 하니까 이걸 왜 계속 이용해야되나 싶네요,1,0
217,배달비로 장난치는 가게들 다시는 안보게 차단기능좀 만들어주세요 기본  원 받으면서  천만원어치 시키면 배달비   고객 우롱하는겁니다 가게명으로 장난질 못하게 특정가게 차단시키면 해당 가게 대표자명이랑 상호명쓰는 가게 전부 차단되게 해주세요,2,0
218,아 배달 왜케 느려짐 배달시간 계속 늦춰지고 어휴 배민 이 더 느린이유는 뭔가요  자전거로 오는건지 제가 걸어가서 픽업하는게 더 빠를것같았어요  영업중인 매장은 왜 계속 준비중으로 뜨는지도 모르겠네요 전화하니깐 주문가능하던데,1,0
219,배달팁 허위로  원으로 하는거 좀 단속 부탁드립니다  오만원 이상   만원이상 주문 시 처럼 조건부 배달팁  원인 경우가 많더군요  일반적으로  인분 시켜 먹을 때 오만원을 넘진 않겠죠  낚인듯한 기분 너무 불쾌하네요 ,1,0
220,응  어저께 리뷰 한 것 같았는데  아무튼 정말 겁나 맛있어서 리뷰도 몇 개 달았고  이벤트 알림 게임도 몇 번씩 나와서 더 좋아요  앞으로도 배달의민족 더 기대할게요  혼잣말  응  분명히 어저께 이 앱 리뷰 달았었는데  이상하다 ,1,0
221,제발아라라라ㅏ라라 일회용품 안주셔도 되요 그기능 없애주면 안되요  그거 맨날 까먹는 제가 멍청한건 맞는데 맨날 손가락으로 밥먹어요 제가 ,1,0
222,쿠팡이츠 쓰다가 배민 시켰는데 졸라 느리네 치킨  분만에 받았다  옛날에는 몰랐는데 지금은 쿠팡이츠 생기고나서 왜 내 돈주고 식은 음식 먹어야 되지  앞으로 배민 안쓴다,5,1
223,어플 리뷰남기긴 또 처음이네요 음식 누락되어 상담연결하니 접속자 많아 상담 원할치 않다더니 상담 자동 종료  가게 전화번호도 없고 앱도 유선상담 진행안하고 채팅으로만 상담한다면서 상담은 느려터지고 그마저도 계속 자동 종료  언제 연결될지도 모르는데 계속 보고 있어야하고 조금 있다 보면 자동 종료되어있음  며칠 지났으나 환불처리 안되었고 또 채팅상담 남겨놓곤 기다리는 중  어플 자체 상담 서비스가 엉망임 ,2,0
224,그냥 때려쳐라  시킬수가 없어 첫주문 만원 안됨  시키면 첫주문 아니잖아  답변도 달지마쇼 ,1,0
225,리뷰 권한 박탈이 참 쉽네요 몇년동안 잘 이용하고 리뷰 총  건을 꼼꼼히 쓰던 사용자인데요 지인이 가게를 오픈하여 일부러 찾아간곳과 남자친구 집근처 가게에서 주문을 한번씩 한거로 리뷰 작성한 이용자를 허위리뷰작성자라고 한번에 리뷰 작성권한 박탈을 합니까 ㅋㅋㅋㅋ 요즘 종이 영수증 누가 모읍니까 여기가 뭐 불법주차위반 딱지 떼는것도아니고  주  달이나 걸려 날라오는데 누가 영수증을 고이 모셔두냐구요 개발자분들 영수증 모아두시나 봅니다  아니면 말도 안돼는거 뻔히 아시면서 증거를 달라고 하나요 당일에 바로 해결이되도 모자를판에 수일 전체 리뷰,1,0
226,단건배달은 단건배달비용받고 여러개합쳐서오는배달은 묶음배달이라고하고 묶음배달비용을지급해야하는거아닌가요  나만이상한가 배달원 단건배달비용 일반배달 배달원이 한건으로 바로 배달시 가격하고  개 같이배달오는거하고 배달비가 같으면 안이상함  단건배달이 배민원이면  일반배달은 묶음배달이라해야되는거아님 ,4,1
227,갑자기 주소를 새로 기입하라고 하면서 다 입력해도 연결상태고 불안정하다고 다시 하라고 무한반복 진행이 안됩니다 이게 무슨일이죠 ,3,0
228, 포장주문할때 홀대받는 느낌 종종 들어요 아직도 덜 정착된 걸까요  소액결제시 간편결제되는 날이 오길 바래요  조리완료 메세지가 오지 않아요,1,0
229,쿠팡이츠 따라한다고 배달하시는분 위치표시랑 빠른배달 하는거같은데 처음  분떴는데 시간 점점 미뤄지고 배달하시는붐 위치도 오락가락하고 쿠팡이츠 발톱도 못따라가요 너무 실망스럽네요,2,0
230,쿠폰적용안돼요 조건 해당되고 금액도 채웠는데 그냥 쿠폰이 아예 안떠요 업뎃안해서그런가 업뎃해봤는데 똑같네요  아예 쿠폰 적용 들어가면 있는 쿠폰이 조회가 안된다는 뜻인데  원래는 적용 안되는 쿠폰도 보여지잖아요  사용은 못해도 ,4,1
231,배달의 민족 잘 사용하고 있는데요 음식이 자꾸 다른 집으로 가요ㅋㅋ ㅠ 지금 이런적이 한두번이 아니라서 진짜 ㅠ,1,0
232,배달팁 표시를 최소 최대 이렇게 말고 최대 최소로 바꿔주세요 최소표시가 사실상 최소가 아닌 수준인데 ,1,0
233,배달주소 변경할려해도 안되네 기타 눌려도 기존배달주소만되고 변경불가로 앱삭제함,1,0
234,가게는  개인데 상호명은 여러개로 하는거 좀 양심이 없는거 아닌가요  차단기능 설정해서 먹아주시길,1,0
235,제가 아침에 주로 배민을 이용하는데 빨리 매장 여는순  이런거 있었으면 좋겠어요,1,0
236,예전에 사용한 아이디가 모르겠어서 아이디찾기를 눌렀는데 아이디가 없다하여서 회원가입을 하려했는데 아이디가 이미 가입 되어있다는데 그럼 있다는건 가요 없다는건가요 사용하지말라는것도 아니고,1,0
237,배달말고 방문해서 식사한 것 또한 리뷰를 달 수 있는 기능을 넣어주셨음합니다 ,1,0
238,대체 똑같은 업체가 왜 자꾸 중복으로 여러개가 뜨죠  스크롤 내리는데 아까 본 업체랑 똑같은 업체가 심할땐 다섯번도 넘게 뜨는데 중복등록좀 어떻게좀 해보세요 진짜  스크롤만 길어져서 너무 불편하고 리스트 쭉 내리면서 하나하나 들어가보다 괜찮을 것 같은데서 시키곤하는데 중복이 너무 많으니까 불편하고 불쾌하네요 작성자 닉네임 누르면 그 사람 리뷰 다 뜨는 것도 대체 왜 있는 시스템인지 모르겠어요 해당 리뷰는 그 업체에 대한 것만 쓰는데 그 사람이 다른 업체 리뷰 어떻게썼나를 누가나 다 볼 수 있다니 굉장히 당황스럽네요 이런 피드백들  전체 리뷰,1,0
239,안녕하세요 잘 쓰고 있는 사람입니다 배민에 요청사항이 있는데요 배민  이라고 기사  분이 제쪽에만 배송시켜주는 그거요 그거로 시키면 다른 가게도 주문할 수 있게 해주시면 않될까요  이삭토스트랑 쥬씨 시켜먹고 싶은데 각각 따로 주문하기 번거로워서요,1,0
240,악의적인 소비자들 블랙리스트를 만들어 이용제한을 주셨으면 합니다  물론 판매자라고 모두가 정직한 건 아니지만  요즘 시국에 더 많은 피해를 받는 쪽은 업체 같거든요  머리카락도 없는데 들어갔다고 거짓말을 하거나  평점을 일부러 낮게 준다거나 하는 사람들을 판매자가 주문하지 못하도록 차단기능을 꼭 넣어 주셨으면 합니다 ,3,0
241,  제가 작성한 리뷰보기에서 선택한 가게에 작성했던 과거리뷰 한번에 보기 기능이 추가됐으면 좋겠어요    찜한 가게 목록에서 그룹으로 묶어둘수 있는 기능이 추가됐으면 좋겠어요   가게가 많아지면 스크롤이 길어지니 찾기 불편해요 ,1,0
242,잘 사용하고 있어요 리뷰란에서도 메뉴를 검색할 수 있었으면 좋겠어요 그래서 그메뉴에 대한 리뷰만 볼 수 있도록요 ㅎㅎ 전화하는 거 안좋아하는데 배달 앱 덕에 배달음식 편히 시켜 먹어요 ㅎ 감사합니다,5,1
243,배달의민족 고객센타 하는일없음 음식 인분주문했는데  인분만옴  인분더보내달라고 했더니  시간넘게걸린다고하여서 알았다고 기다렸더니  시간이지나도안옴 환불 요청했더니  인분만 환불해준다고해서 전에온거안먹었으니가져가고 전부 환불요청했더니 환불안해줌 고객센타 에전화 했더니 가게에 전화해본다고함 그렇게 고객센타에 몇번의통화끝에 결론은  인분만 환불 배달비   원이나 먹고 총 시간이나 기다린끝에 다른곳에 배달비 또주고 시켜야하고 같이먹으려고 기다렸던사람은 한겨울에 다식은 김치찌개 먹어야함 이게 말이나되나  배달의민족 배가불렀음   안양  전체 리뷰,3,0
244,왜 수험생 할인이  만인가요 ㅠㅠ 빠른 고   뇬 생은 올해 대학도 가고 수능도 치렸는데 남들보다 초등락교 일찍가서 쿠톤폰을 받을 수 없는게 슬프네요ㅠㅠ,1,0
245,치킨시키려고 결제눌렀는데 취소가  번되었습니다 배달불가 하는곳이 왜 배달목록에뜨는지 이해할수가 없네요,1,0
246, 점도 주기 싫네요 시켜먹을 수 있는게 많고 코로나 시대에 적합한 앱이라고는 생각하지만 앞집에 도시락집 있어서 그날 몸 안좋고 그래서 시커먹었는데 맛있어서 리뷰를 남겼거든요 너무 빨리 해서 그런지는 모르겠는데 갑자기 허위 리뷰작성 자가 리뷰 작성 으로 의심 된다면서 갑자기 리뷰를  년이나 차단시켜버리네요 어이가 없어서 고객센터 문의하니까 돌아오는 대답은 단순 구두 주장 ㅋㅋㅋㅋㅋ 어이가 없어서 아니라고 하는데 그냥 리뷰를 막으시면 어떻게 해야할지 모르겠네요 정말 별로입니다  리뷰도 빨리 못쓰고 ㅋㅋㅋ 제대로 알아보시고 리뷰를 막 전체 리뷰,1,0
247,배민   매칭 한곳만 배달이라면서요  묶음배달 못막나요  제 음식 픽업했다가 다른가게 앞에서  분 넘게 있는건 뭐죠  시간도 라이더 마음대로 늘리고  이럴거면 배민  서비스 없애죠  기만하는것도 아니고  묶음배달 하느라 배달 예정시간  분이나 늦고 그냥 배민  없애세요,1,0
248,정보 추가 좀 해주세요  파리 나오는 음식점이 너무 많아서 배달시키는데 공포가 생겼습니다  가게마다 주방 사진도 나오게 해주십시오 ,1,0
249,가게에 혼자 볼 수 있는 메모 남길수 있는 기능 좀 만들어주세요  여긴 이런게 별로였다 같은거 남겨놓게 ,1,0
250,배민   에대해 배달사고 경험 주소지 도  회이상 겪고 배달이 예상시간보다 늦거나 단건배달시간보다도 늦어짐을 다수 겪었음에도 개선되지 않는 모습을 보여  미안해서  일 기간한정 할인 쿠폰을 주면 너네 미안함도  일 뒤면 사라지고 그 이후엔 개선할 의지도 같이 사라지느냐  리뷰를 남겼습니다 부정적 평가 작성시 삭제처리 되오니 작성글을 미리 복사해두시기 바랍니다 경쟁업체대비 어플 경험이나 배달 서비스 경험의 질이 현저하게 떨어집니다,1,0
251,배달의 민족에서 쥬시 음료 주문했는데 메뉴들이  원씩 더 비싸네요ㅜㅜ 매장 가서픽업하는 포장주문인데 매장가격보다 비싸면 어떡하란거죠  사람바보만드는것도 아니고 배달비는 따로 다 받으면서 매장가격이랑 왜 다른건가요  업체측에서는 배민이 그렇다는데 배민 책임인가요  배달비도 따로 받으면서 음식 가격도 어플에서 더 올려받으면 소비자를 우롱하는것도 아니고 먼가요 ,2,0
252,배달팁 낮은순 필터 문의글에 동의합니다 배달팁 낮은순인데  부터 해놔서 너무 불편하고 왜 같은 가게인데 배달 에서는 배달팁을  천에서  천 많게는  천원까지 더 받는건가요  심지어 어떤 프렌차이즈는 메뉴금액까지 다르더라구요 배달 을 많이 이용하라는듯 관련 이벤트가 많은데 똑같은 집인데 일반배달과 배달 에서의 배달팁도 다르고 리뷰이벤트도 다르고 무슨 팔천원 할인 이벤트 한다면서 갑자기 배달팁이 오천원 넘게 올라가있고 이런 눈속임은 제발좀 사라졌으면 좋겠습니다,2,0
253,배민  만원 쿠폰 받고 사용못해서 그 다음 타임꺼 도전하려고 보니 참여횟수 초과로 이벤트 참여가 불가능하다고 뜨네요 사용도 하지 못했는데 채팅문의하려 하니까 전화연결하라고 하고 대체 뭔가요 ,1,0
254,핸드폰 번호 입력해서 인증번호 받고 자동입력했는데 본인인증을 완료하지 않았다고 해서 회원탈퇴하고 다시 가입했는데 여전히 같은 말이 뜨네요  어떻게 해야하나요 ,1,0
255,장난하나요  본인인증 하라면서 왜 안뜨죠  카드등록 하려고 하는데 이름 생년월일 전화번호만 뜨고 인증이 안뜨는데 대체 어떻게 본인인증 하라는겁니까  이따구로 하실꺼면 그냥 어플 삭제하세요,1,0
256,다른 사람은 볼수 없는 본인만의 메뉴 메모장이 있으면 좋겠어요 예를 들어 중국집에서 짜장을 시켜먹었는데 이집은 짜장면이 좀 많이 달더라 이런걸 간단하게 메모할 수 있고 나중에 시켜먹을때도 그 메뉴 아래 내가 적어놓은 메모가 항상 보이면 좋겠어요 음식점은 많은데 시켜먹었던 곳의 어떤 메뉴가 어떤지 나만 알수있게 표시하고싶어요,1,0
257,배달의 민족 음식배달의 가족계정 결제 시스템을 정말 잘 이용하고 있는데  한 가지를 불편한 점을 말씀드리자면   마트에도 가족계정 결제를 할 수 있게 해주세요  어머니가 가족계정 자동결제 설정을 해놨으니까  마트도 가족계정 결제 되시는 줄 알고 장거리를 부탁하신 것들을 장바구니에 담았고  저도 결제 전까지도 사실  마트는 가족계정이 안되는지 몰랐어요  딱 결제를 하려니까 가족계정 결제를 선택하는 게 없어서 당황했네요  이거 하나만 해주시면 정말 좋을 듯합니다ㅠ,2,0
258,배달 지연이 도대체 몇번째인지 식은 음식 먹으려고 주문하는거 아니거든요  두번다시 쓰기싫네요 ,5,1
259,배달이 오지 않았으나 배달완료로 안내되며  상담사분께서 주문 취소도 안 해주시네요 환불받을 수도 없고 제 돈만 잃었네요  주문취소가 안 된다고 하시는데  시간이 다 되어갑니다 배달의민족은 저녁을 먹으려면 점심 때 주문해야 하는 시스템인가요 ,4,1
260,배민원 주문시 오토바이 자동차 배달선택권을 주세요 자동차로 오면 자꾸 면요리가 더 불어요  음식값변상시키기도 그렇고 자꾸 더 심해지면 변상시킵니다,3,0
261,아니ㅋㅋㅋㅋㅋㅋㅋ리뷰에 과일청 과일이 큼직하게 씹혀서 좋다구 리뷰하는데 그게  씹 이 필터링 걸린다고 작성이 안되네요  필터링 하실거면 검수도 제대로 하던가요 왜 좋은 리뷰다는것도 방해받아야하져  배민의 주문은 음식이 대부분인데 그걸 리뷰하는데 씹다라는 단어가 아예 걸러지면 뭘 어떻게 리뷰하란건지 참  리뷰쓰려다 기분잡치네요,3,0
262,왜 현재주소가 다른곳으로 나오죠  덕분에 기사님도 저도 고생했네요,3,0
263,답변에 라이더와 고객센터 이야기만 하시는데  앱개발 및 전체 시스템이 엉망이라는 이야기 입니다 라이더가 이전 주문과 다음 주문이 꼬여 본인에게로 배달이 배정되는게 라이더 책임입니까 아니면  개발자 책임입니까  환불 시스템에서 부분 취소 안되는게 고객센터 책임 입니까 결제시스템붙이는 단에서 책임입니까  배달과 배민원과 번쩍개발이 한눈에 구분안가는게 소비자 책임입니까 앱디자이너 책임입니까  배민 내부에서 어느팀이 헤게모니를 쥐고 끌고가시는지 모르겠는데요  이렇게 제일 약한 고리로만 책임을 전가하는 이 태도가 배민을 구렁텅이로 몰아넣을 전체 리뷰,4,1
264,이용하면서 서비스가 없음 뭐라도 좀 주면 좋을텐데 ㅋ,2,0
265,잘쓰고 있습니다  근데 라이더 요청사항 수정기능은 없나요  가끔 주문하다보면 예전에 했던 요청사항이 그대로 다음주문에도 나와서 번거로워요  아님 매번주문 할때마다 리셋이 됐음 좋겠다싶어요,1,0
266,다 좋은데 주문 받아놓고 갑자기 주문취소 하는 사장님들 관리좀 했으면 좋겠음  주문 받았길래 기다리고 있었더니 대뜸 주문 취소 해서 다시 주문 해야 하고 번거롭고  전화로라도 양해구하고 주문취소하던가 아니면 애초에 주문을 받지를 말던가 받아놔서 사람 기다리게 해놓고 주문 취소 해버리는건 무슨 경우인지 ,1,0
267,각 가게 리뷰창에서 제가 작성했던 리뷰를 확인할 수 있게 해주세요  어떤 가게였는지 다 기억할 수가 없어서 재주문할 때가 많습니다  제겐 맛없는 가게였는데  별점이 높아서 다시 주문했다가 돈을 버린게 한두번이 아닙니다  일일이 리뷰관리에 들어가서 가게 하나하나 대조하기엔 너무 번거롭습니다 ,1,0
268,주문 쳐해야 하는데 서버가 응답이 어쩌고저쩌고 하얗게 떠서 주문을 못하겠네  어휴 개짜증나  서버 개판 ,3,0
269,찜 관련해서 폴더 기능이 생겼으면 좋겠어요 항상 우리집에서만 시키는게 아니라  친정 시댁에도 배달시켜 드리고 여행지에서 시키는 경우가 많아 찜이 많은데 찜 해놓은 곳이 많아서 헷갈리기 시작하네요,4,1
270,수저 필요없는 사람 안시키게 체크해야 주문 가능하게 하면 되지 왜 기본으로 수저 기본으로 안주게 만드냐 진짜 그지같네 오늘부로 배민 지운다,3,0
271,업데이트받으래서받고있는데  분넘게 받고있는데 배민열리지도않고   삭제했다 다시깔려해도 받아지질않아요,3,0
272,리뷰삭제 했네요 ㅋ 같은  업계에 서비스직인데 다보이는데 너무 속보이는거 아닌가 원래 기업마인드가 이런가 개인 직원이 문젠가,1,0
273,왜 리뷰를 맘대로 지우나요  배달  시간 넘게 걸려 다 식은 음식 잘먹었습니다  감사합니다 ,1,0
274,아  아이디는 어찌저찌 찾았는데 이번엔 비밀번호 찾기가 안되네요  맞는 아이디와 전화번호를 눌러도 찾기가 안됩니다  아이디 비번 찾기는 기본 아닌가요 ,4,1
275,회원가입 하려는데 인증번호가 계속 안와서 음식도 많이 못시키고있어요  ,1,0
276,같은음식점인데도 타 플랫폼보다 배달비가  천원이나 비쌈 ,1,0
277,별점은 누구를 위한 제도인가요 처음시키는 고객에게 도움을 주는지도 모르겠고 그저 리뷰이벤트로 공짜를 얻어먹는 사람들  맛이 평범해도  점에 맛있다 담에 또 시켜먹겠다하지만 리뷰이벤트없는 맛집엔 공짜를 바라고 이에 대응하는 서비스 안주면  점다는 리뷰거 지들이 별점 테러하면 처음 시키는 고객이 그 리뷰를 보고 시켜먹고싶은 마음이들까요  별점만 안달뿐이지 그 사람들 또 시켜먹습니다  또한 경쟁업체에서 악의적인 별점 남길수 있는거 아닙니까 객관적 주관적으로 평가할수있는 코멘트는 있어야하겠지만 별점은 필요없지 않나요  평점 점대 유지하다 전체 리뷰,1,0
278,다 좋은데 업체 블랙리스트 기능 좀 만들어서 사용자가 블랙리스트에 추가한 업체가 사용자에게 안보이는 기능이 있었으면 좋겠네요 ㅋㅋ 리뷰에 속아서 가끔 피보는데 업체들 하나하나 기억하기가 힘들어요 ,1,0
279,지금 진행하고있는 허위리뷰 시스템이 정말 배민에 도움이 된다고 생각하고 계신건지 의문입니다  열심히 사용하던 사용자들을 모두 떠나게 만드는 최악의 시스템입니다  의도하는 바가 무엇인지는 알겠으나 세부적인 사항 및 관리가 아주 형편없네요  정확한 사유도 알수없고 소명을 해도 소명하라는 앵무새같은 답변만 돌아옵니다  많은 사람들의 불만을 다 들어야하는 고객센터 상담사 분들은 무슨 죄인가요  욕도 아깝습니다 ,1,0
280,회원탈퇴를 하고 계정을 새로 만들려 하는데 이미 가입된 전화번호라해서 난감하네요 아이디는 북극곰이고 로그인도 안되서 만나서 결제를 못합니다  빨리 답변주세요,1,0
281,리뷰 자꾸 지우는거 같은데  비회원 기록 있다고 신규회원 쿠폰 적용 안되는게 말이됨  비회원 구매 해보고 맘에 들어서 회원 가입 하는건데  그럼 애초에 비회원 주문건을 포함한 주문내역이 있는경우 사용이 안된다고 표기를 하던가  그럼 회원가입하는 불필요한 일을 안하자나요,1,0
282,리뷰에서 선택한 메뉴가 포함된 리뷰만 볼 수 있는 기능 추가바랍니다  메뉴 사진을 골라서 보는게 편해요,4,1
283,다 좋은데 가끔 어떤 특정 가게들은 주문하면 배달비를 따로 거리상의 이유로 더 받는게 좀 불편하네요 정보에 적어라도 놔주시면 좋은텐데 아쉽습니다 그리고 배달팁은 낮은 순으로 해도 결국 시키면  천원 나오네요  이거는 좀 많이 짜증이 나는 부분이라 좀 정렬방법을 수정해주세요,1,0
284, 점 주기도 아깝네 쿠폰을 진짜 첫주문만 사용할수 있게 해놨네 이거 진짜 잘아두세요 첫주문 쿠폰 첫주문 아니면 사용못하게 막아놨음 잘생각하고 하세요,1,0
285,부탁드립니다 제발   몇몇 지역  예 김해장유  에서 맛집랭킹 최신화가 전혀 되고있지 않습니다  지난  주동안 맛집랭킹이 모든 카테고리를 포함해 변동이  도 없어서 문의 남겼더니 메크로 답변만 돌아왔습니다  제발 조치좀 해주세요   저만 그런줄 알았는데 네이버 배민 많은 사장님들도 똑같은 현상을 격고있습니다 제발 부탁드립니다   고쳐주세요  ,1,0
286,아니 고객센터는 대체 왜 있는거에요  상담사 연결 원할때 단 한번도 상담사랑 연결된적이 없어요  음식에 문제가 있어서 문의하는게 대부분인데 음식은 식어가고 상담사 통화할려고  분넘게 대기 해야하는데 걍 지쳐서 먼저 끊고 가게에 직접 전화에 문의합니다 ,1,0
287,배민 천생연분이지만 곧 갈아탈 예정 리뷰 단거 음식점마음대로 요청넣고 삭제 처리함 동의 알림톡 새벽에 보내놓고 비동의 안했다고 삭제  고객만 호구만들고 있음 내가 블랙컨슈머도 아니고 별점도  점에 있었던 사실그대로 적었는데 음식점에서 장사 안될까봐 내린걸 그대로 내려버리네 방송통신위원회 통해서 접수 했고 사실적시 명예훼손 이라고 삭제 처리 했을지는 모르겠지만 공공의 이익을 위한 리뷰라 삭제처리 안되고 명예훼손사유에 해당하지도 않음 내가 욕을 박은것도 아니고 미더덕 없고 음식 별로고 다른집이 조금더 맛있고 배달비 결제 했는데 또 달라 전체 리뷰,1,0
288,리뷰몇번째 삭제당하는지 최악입니다 주문하고  분후에 배달취소 고객센터에 전화해보니 가게에서 전화안받는다고 아무조치안해줌 문의대기만  분 걸림 요 요로 갈아탑니다,1,0
289,진짜 최악이네요 배달기사 배차도 하나 제대로 못해서 음식은 다식게 만들고 배달비는 비싸게 쳐먹으면서 배달하나 제대로 못합니까,1,0
290,고객센터에 문의를 해도 매번 똑같은 말만 할 뿐 근본적인 해결을 해주지 않습니다  이럴거면 고객센터가 왜 있는겁니까 타사 배달 앱과 비교했을 때 평점이 현저히 낮은 이유가 뭔지 알 것 같네요,4,1
291,배민  으로 차로  분 거리에 치킨 주문했는데  시간 넘게 기사 배정 안해줌  상태 매세지는 그냥 배달준비중이라고만 뛰어놓음  마치 치킨집 잘못인냥 기만하고 있네  고객센터 전화연결은 절대 안됨  양심적으로 기사 배정중이라고 바꿔라  그리고 사과쿠폰  천원은 또 배민  으로만 주문 가능한 걸 주네  어이가 없네,4,1
292,쇼핑라이브 결제방식을 그냥 강아지처럼 해놨네  테크테크  기업을 선도한다고 지ㅇ 하는 기업이 결제 방식도 개   처럼 해놓고있네,5,1
293,앱은 잘 사용하고 있습니다 다만 가끔 배달하시는 분이 배달을 제대로 않하고 하는경우가 있습니다 ,1,0
294,아 진짜 어이가 없어가지고   번 배달 지연으로 전화나 문자없이 일방적 주문 취소당해 가게에 전화하니 받지도 않아 어이가 너무 없어서 상담원 연결을 통해 설명했더니 가게랑 통화해본다고 하고 가게 입장만 주구장창 시부립니까 그래서 도와줄수 있는 부분 없냐니까 없대 ㅋㅋㅋ전화받는 지도 어이가 없었는지 불만 접수는 해드리겠다고   잘 돌아갑니다 증말 ㅋㅋ 그런가게는 최소한 패널티든 단절이든 뭐든 해야 정상이지 상담원 태도 보니 왜 그런가게들이 천지인지 알겠네요,1,0
295,눌렀을때 영업 못해요 쉬어요 어째고 하게하는게 아니라 쉬거나 급하게 중단 등등 그건 배민 니들 측에서 관리를해야 기상악화나 갑자기 몰리는 주문때문에 감당못해서 브레이크 걸어놓면 또 니들은 방관하지  점땐 배달기사 자빠져서 두시간넘게 걸려온 다 식어빠진 떡볶이도 암 불만없이 먹었드만 호군줄아네,1,0
296,예전에도 깔았다가 지워서 다시 깔아봤는데 정말 좋네요,1,0
297,비마트 장바구니 체크박스 모두체크되고 풀오제는게 안되어 하나씩수동해제해여되며 잘못하여 물건선택이라도하면 다시 처음부터해야됨 어이없음 주문햇던 식당및 횟수표시되면 좋겟음,5,1
298,배민 앱에서 성신여대 라화쿵부 맛있어서 또 주문하려고보니 배달이 안된다고 하네요  매장에 전화해보니 정상적으로 영업은 하더라고요  그럼 결론적으로 어느때는 주문이 가능하고  어느때는 주문이 안된다는 거네요  배민 마음대로인거네요  무슨 이런경우가 있는지  촴내,1,0
299,배달 취소도 너무 많고 배달 예상 시간도 맞지 않습니다  별점 일점도 아깝습니다 ,1,0
300,요청한적도 없는 문앞 비대면 배달을 마음대로 하질 않나  배달 시간  분이나 오래걸려 보니 중식을 걸어서 배달을해 다 식은 음식이 오질 않나  배민  몇번 해봤는데 너무 쓰레기같네요 제시간에 받은 음식이 한번도 없으니 말 다했지만 다시는 사용 안합니다,1,0
301,평균시간  분 적혀있는 가게에 시키면 무조건  분 걸립니다  뭐 한 두번 그러는 것도 아니고 매번 그러는건 좀 너무하지 않습니까  다음 약속시간 맞춰서 시키는건데 이렇게 적어놓으면 곤란하죠  리뷰보니까 다른 사람들도 마찬가지인듯 한데 빨리 개선했으면 합니다 ,1,0
302, 찜 에도 카테고리별로 분류하는 기능이 있었으면 좋겠어요,1,0
303,배민 라이더를 어떻게 채용하는건지 모르겠다  피자를 시켰는데 원형을 찾아볼수가 없네 배달하는 와중에 흔들면서 오는거냐 그리고 라이더가 이렇게 개판인데 그 라이더에게 제재할 수단도없고 아주 대단한 배달앱 나셨네 ,5,1
304,개인적으로 정말 잘 쓰고 있어요 근데 시켜 먹다 보니 편의점이 배달이 안되는 게 불편하더라고요 편의점 배달 기능도 만들어주세요 ,3,0
305,잘 쓰고 있는데요  주소가 우리집 기본 설정이 아닌 다른 집이면 주소를 재차 확인해 주는 기능이 있었으면 좋겠어요ㅜㅡㅜ 맨날 그냥 습관처럼 주소 확인 안 하고 바로 시키다가 다른 집 간 적이 있어서 조심해야지 하는데도 정신 없는 날에는 꼭 실수를 하게 되네요ㅠㅠ,1,0
306,리뷰작성기간 너무 짧음  배달도착하고 다먹어도 배달도착 안찍혀서 리뷰작성을 못하는데 까먹고 있으면  일 금방감  일주일정도로 늘리던가 고객이 배달완료찍을수있게 개선 해야됨,1,0
307,첨엔 할인 쿠폰 천원씩 주다가 배불렀는지 이제 첫결제만 할인  배달비는 다 올려놓고 요기요는  천원 할인은 기본인데 그냥 요기요로갈게요,1,0
308,리뷰 삭제하지 마시구요 원래 되던 기능인데 안됩니다  해결좀 해주세요,1,0
309,배민 주문할 때  라이더에게 요청사항 란에 소비자가 자주 사용하는 문구는 자동 저장되어 소비자가 사용했던 문구를 골라서 사용할 수 있게 해주세요  직접입력 이란곳억 매번 주문할때마다 똑같은 문구를 쓰니 불편합니다  소비자에게 맞도록 소비자가 배민 주문하는 장소에 따라 문구도 선택할 수 있도록 개선해주세요 ,2,0
310,주문후 주문취소하기가 안되어 매우 불편하고 일방적임,1,0
311,배달팁  원  이거 안하실거면 최소 주문금액 순  최소 할인금액 순으로 보기 좀 만들어주세요  그리고 배민 은 왜 리뷰가 없죠  쓸 수만 있고 볼 수가 없잖아요  배민 이랑 배민이랑 배달왔을때 음식 상태가 다른 집도 있는데 리뷰에서 어떻다고 확인을 할 수가 없잖아요 ,2,0
312,배달팁 가지고 장난 치는 가게 어떻게 좀 해봐요  분명 배달팁  원이라고 떠서 눌러보면  원 원 이딴식으로 적어 놓는단 말이야,1,0
313,이러다가 배달비가 메뉴값보다 너 나오겠네 ㅋㅋㅋㅋㅋㅋㅋㅋ,1,0
314,또 페이스북 로그인이 안 되네  제가 아이디 비번을 몰라서 그런게 아니고 화면 자체가 제대로 안떠요  앱 설정 안됨   이 앱은 개발모드 상태이며  이런 문구가 뜨면서 어제까지는 잘만 로그인 했는데 갑자기 안 된다구요  설정 뭐 건드린 것도 없고 혹시나 해서 페북 앱을 깔아서 해봤지만 똑같은 이유로 안됩니다  저번에도 이러더니 왜 또 이러나요 듣보 회사 개발자들도 아니고 왜 비슷한 오류가 또 생기냐구요 ,1,0
315,동일한 카드사 카드 여러개 추가할 수 있도록 해주세요  요기요는 여러개 등록 가능해서 혜택따라 바꿔서 결제하는데 배민은 동일 카드사 카드 바꾸려면 지우고 추가를 반복해야되서 매우 번거롭습니다 ,1,0
316, 일까지 쓸수있는 배민  쿠폰 줘놓고  일 배민  배달이 다 지금은 배달이 어려워요라고 막혀있으면 어쩌라는거에요  보통 주말에 배달 많이 시켜먹지 않나요  쿠폰 써보지도 못하고 강제로 날리게 생겼네요,1,0
317,요청사항에 벨누르지마세요 현관비번 개가짖어요 이딴거 없애주세요 현금결제 카드결제없애주세요 개념없는 소비자들 많아서 피해받네요 별점도 없애시고요 그거 안지켯다고 수고롭게 무료로 문앞까지 올라가줘야하는 라이더한테 왜 무료임  요청사항에 배달비 더 부과하면 되는데요 아니면 다나와서 받게해야함  인상쓰고 따지고 별점깍고 업주한테 전화하고 고생이 이만저만 아닙니다 별점 또한 없애주시고요 배민은 소비자한테 굽신거리는 마인드가 문제인듯 업주나 라이더 처우만 신경쓰세요,1,0
318,잘 쓰구 있으나    가 갈수록 구려지는 느낌 저번에 고객센터로 개선해달라고는 했는데 솔직히 쉽게 안 바뀔 듯 ㅎㅎ 글구 본인이 쓴 리뷰에 제발 스크롤좀 생겨서 쉽게 내리고 올릴 수 있는 것좀 만들어주세요 몇개월 전에 건의한건데 언제 생기나요ㅠ 제가 쓴 리뷰 내리고 올리면서 보고 삭제하고 싶은건 삭제하고 싶은데 스크롤이 없으니까 리뷰 하나 삭제하면 다시 맨 위로 올라가요 ,5,1
319,장난해요  주문을 취소시킬거면 주문받자마자 취소시키든가  주문취소를 한시간 뒤에 하는건 뭡니까  이제 도착할때 되서 먹을준비 다 했더니  주문취소됐네요  가게측에 전화해보니 배민측에서 취소시킨거라네요  덕분에 저희는 한시간반 넘게 기다리다 라면끓여먹었고  가게 사장님은 해물찜 쌩으로 버리셨네요 ㅋㅋ,2,0
320,요기요보다 이용할곳이 많아서 좋아요 다만 아쉬운점은 할인이벤트 전용카드보다 요기요처럼 구독형같은게 생겼으면 좋겠어요  할인받는 느낌이 있었으면 너무 좋겠습니다,1,0
321,업데이트에 도대체 뭔짓을 했길래 앱켜면 메인화면으로 넘어가질 않냐 ,3,0
322,기사가 그냥 여러곳 갔다오느라 다 식은 치킨 먹었습니다 이런 게 한두번도 아니고요 교통 혼잡 그딴 거 아니고 그냥 여러개 픽업해서 여러곳 갔다오느라 늦게 오는 거겠죠 그냥 이 앱 쓰지 마세요 다 식은 거 오면 책임은 누가 지는 거임 대체  이건 본사에서 기사들 대상으로 교육해야 해결될 문제입니다 전 이제 이 앱 안씁니다  매크로 답변 할 거면 답글 달지 마세요,1,0
323,진짜 주문취소를 해도 안된다고 하네 ㅋㅋ,1,0
324,배민 자동으로 시간늘어남 배달비  천원감수하고 시켰는데 예상시간보다  분이상 늦음 나중에 전화하니 배달지연으로 인한 쿠폰줬다고함 확인해보니  천원 요즘 배달비 올라서 대부분 기본  천원임 그냥  천원 안받고 음식 재시간에 받고싶음,1,0
325,배달이 와서 밥 먹고 리뷰 빨리 쓰고 해치우고 싶은데 배달완료가 며칠 뒤에 되는 경우가 있어서 너무 귀찮네요  주문자가 임의로 완료 버튼 누르고 리뷰 쓰게 할 수 있움 좋겠어요,2,0
326,배달비 낮은순 눌렀을때 그가게 최고 배달비기준으로 낮은순 되게 만드세요 지금같이 최소 배달비 기준으로 낮은순 정렬되니까 다들 배달비 장난이 심한겁니다 평점은 선착순 쿠폰때문에 시간낭비한게 짜증나서  점이고요,1,0
327,배달원이 콜라흔들고 줘서 폭발했는데 그 사건으로 연락준다면서  달가까이 아무조치도 없음 앞으로 배달기사 소속 배달원 이름 사진 나이 신상정보 공개하고 배달해주세요 몇번은 그냥 문열로 집안에 들어올려고 함 이건 뭐 범죄자수준임 실제로 옛날에 배달원을 빙자한 강도가 있었던걸로 기억하는데,1,0
328,거지같은 앱  선착순  명 쿠폰 발급 이벤트 참여 ㅡㅡ 쿠폰받았으나 선착순 종료로 사용 불가 ㅡㅡ 인원 막 뿌리고 선착순으로 쿠폰 써야 사용 가능  애초부터 인원 제한해놔야 되는거 아닌가 ㅡㅡ,1,0
329,내가 쓴 리뷰는 왜 삭제하냐  날씨 춥다고 주문을 막으면 무슨 배달앱이냐  비오고 추우면 배달비 아끼려고 가까운 가게만 주문되게 막는거 모를 줄 아나 ,1,0
330,카테고리 조금만 더 추가해주세요  샐러드도 모아보고 싶어요  ,1,0
331,페이관련질문 카뱅 카드를 등록하려했는데 마지막 단계에 유효하지 않는계좌입니다  계좌오류로 인해 등록이 불가합니다 간편계좌등록불가  이말의 뜻을 뭔가요 ,1,0
332,첫주문  만원 할인이라서 시켜볼려하는데 카드 등록도 하고 전화인증 모두 했음 근데 쿠폰 받기 누르니깐 본인인증을 완료하지 않은 회원은 발급이 불가능합니다라 뜸 뭐지 ,2,0
333,배달 시켜먹을때 여기로 시켜먹는데 아직까지는 안 좋은점은 없는 거 같아요  ,4,1
334,배달취소면 바로연락을줘야지 가게 에서도 몰랐다고하고  시간지날때동안 배달취소는커녕 지연이라고 상담봇에서 얘기하는게 맞는겁니까  기다린 시간 보상은 누가해줍니까  음식 공짜로 먹는것도 아니고 돈내고 시간내는건데 당장 이런 오류는 고쳐주세요 저 같은 피해자가 나오는것도 문제입니다 ,1,0
335,음식을 씹다가를 쓰려는데 씹자가 안써져서 어케하라는 거냐했더니 대체어를 쓰라네여  씹다의 대체어가 뭔지 예시도 안들어놓고 내가 알아서 쓰라고  답변했던 개발자가 써보시오  사람이나 동물이 음식 따위를 입에 넣고 윗니와 아랫니를 움직여 잘게 자르거나 부드럽게 갈다  의 뜻인 씹다를 뭘로 대체하라는거요  치아로 부수다가로 써야함  갈아먹다로 써야함  먹다 말고 같은 뜻을 가진 대체어 제시하세요  앞으로 그걸로 쓸테니,1,0
336,급해서  분인거보고 시켰는데  분이라고 찍혀서 배민에 주문한지  분만에 취소요청했더니  분만에 대답해놓곤 배달중이고  분뒤에 도착할것같다고 취소못한다고 합니다 점심시간 지나서 올것같아 못먹을것같아 취소해달라하니 주문즉시 조리가 들어가 취소가 어렵답니다  아까는 배달 중이라 안된다더니 이제는 원래 주문동시에 음식이 들어가 취소가 안된다 합니다  상식적으로  분이라고 해놨음 당연히  분안에는 올거라 생각하는데  분찍히면 배민 은 급한사람들이 시키지  분 기다릴거면 그냥 일반으로 시키죠 아니 시간이라도  분 되 전체 리뷰,1,0
337,엘포인트 이벤트로 받은 배민머니  원이 유효기간이 짧아서 없어져버렸습니다 그리고 배민포인트랑 다르게 배민페이 계좌 결제만 되어서 아쉽네요 절때  이벤트로 손해 감수하지 않겠다는 의지가 느껴졌어요,1,0
338,배달비 최대 금액 기준으로 보여주면 안되나요 배달비  원이라길래 들어가보면 말도 안 되는 금액 설정해두고 그만큼 내야 배달비  원이래요,1,0
339,처음이용고객  만원 할인 시간제한 두시간동안 있길래 가입하고 인증완료 다 했는데 이벤트 창에서 쿠폰받는거는 인증미완료 되었다고 안줍니다 ㅋㅋㅋㅋ,1,0
340,배민 상품권 쪽엔 내국인만 가능 하다해서 사용하기 불편하네요 ㅠ 최대한 빠르게 이용할수 있도록 개선 부탁드립니다,1,0
341,친구한테서 초대코드 받아서 친구 덕에 받은 쿠폰이라고 적혀있는 할인 쿠폰 제한은 첫 주문  느그들이 그렇게 홍보하는 신규 가입자 할인 쿠폰도 제한이 첫 주문  마케팅이라는 걸 할 때 뇌를 좀 쓰는 게 어떠세요  쿠폰함에 만원 할인 쿠폰이 두개가 나란히 놓여있는데 둘 다 제한이 첫 주문이라는 거에 사용자를 이렇게 개돼지취급하는 것도 신선하다 잠깐 생각하다가 바로 쿠팡이츠 깔았다  서울 사시는 분은 서울시 배달 앱 있는데 그거 쓰세요 잠깐 지방 내려와서 써보려고 했더니만 내가 왜 지금까지 가입 안했는지 그 이유를 다시금 깨닫게 되네   전체 리뷰,5,1
342,진짜 할 말 많은데요 동네가 기사분들이 없어서 그런거 같은데 배민  배차 잡힐려면  분은 기본이고요 하루에 고객센터에 전화를 수십번 합니다  근데 수십번 중에 통화  한 두번이요 고객센터가 왜 있는지 의문이고요 배차 안잡혀 마음조리는건 업주들이고 고객님들에게 욕먹는것도 저희랑 배달하시는 기사분들입니다  개선책이 많이 많이 필요해 보여요 배차 안잡혀도 배민 을 없앨수가 없는게 님들께서 쿠폰을 많이 뿌리셔서 일반배달로 안시키고 배민  으로 다들 시켜주시니 없애기도 애매합니다  진짜  할말 많은데요 여기까지할게요 스트레스 너 전체 리뷰,1,0
343,배달팁 낮은 순으로 정렬을 시키면  만원이나  만원 이상시켜야  원인 상술을 쓰는 가게들이 많은데 왜 이런거에 대한 대책은 없는거죠  다른분들도 계속해서 이 문제점을 지적하시는데 왜 아직도 리뷰답글은 몇달째  배달팁에 관해 문의를 주셨는데 이 문의는 담당부서에 전달해두겠다 라는 매크로 답변만 계속 달리고 이런거에 관해 담당하는 부서는 있긴한거고 해결할 생각은 애초에 가지고계신건가요 ,1,0
344,만나서 카드결제 기능 복구해주세요 불편해요,1,0
345,배민 으로 시킬때마다 예상시간이 자기들 멋대로 늘어남  라이더 위치도 실시간으로 안잡히고 도착해서도 라이더위치는 가게근처로 변동없음  고객센터 문의하니 처음 안내한 시간보다  분후가 도착시간으로 되어있고 배달은  분전 완료했다며 아무문제 없다함  내 어플이 이상했던거라는데 오늘도 똑같음  어플이 이상하면 당신들이 손을 봐야지 뭔 헛소리를 하는지 ㅉㅉ,1,0
346,배달의민족  사용하지 마세요     시 분경 주문으로 커피 주문 기본 설정이 이상하게 되어있는걸 파악 못하고 주문해서 변경요청  시  분경 변경 신청 및 내용 전달  시  분까지 상담사 답장 없음  시  분 변경 신청 취소 후 취소 요청으로 재시도  시  분 취소 내용전달 이미 들어간 사항이라 취소가 안된다고 함  분만에 배달 바로 변경요청 했는데 무시하고  재 요청으로 취소 하니까 취소확인 한다면서 안된다고 답장 가게 연락처 등 공개가 안된다고 고객센터에서 전달 받음 말도 안되는게 가게랑 이야기 해볼 수 있는 전체 리뷰,1,0
347,휴대폰을 바꿔서 다시 로그인을 해야하는데 기존에 쓰던 페북 아이디가 삭제돼서 로그인을 할 수가 없게 됐습니다  다른 어플들은 휴대폰 본인인증만 하면 기존 데이터들을 다 불러올 수 있는데 배민은 왜 그런게 없는지 모르겠네요  로그인 할 수 없으면 새로 가입하라는데 그럼 기존의 제 등급이랑 주문내역  리뷰들은요   나 이메일이나 삭제될 수도 있는건데 굳이 반드시 같은 아이디로만 로그인을 해야한다는게 너무 불편하네요  그냥 휴대폰 본인인증만으로도 기존 정보가 불러와졌으면 좋겠습니다 ,5,1
348,교통상황때문에 늦을거면 배민원 없애세요 ㅋㅋ 어이가 없네   분 안에 온다는거 보고 시킨건데 진짜 맘에 안 드네 전부터 배민원  손절할라했는데 나름 제일 편해서 다시 쓸라고 깔았는데 또 짜증나게 하네요,5,1
349,늦은 밤이라 배달요청 사항에 벨은 누르지말아달라고 말하는데도 거의  퍼센트 확률로 벨을 누름 불안해서 배달 도착할 시간쯤 되면 가족들 깰 까봐  분 가량을 서서 벨 바로 끌 준비하고 있어야함 요청사항이 사실상 무의미,1,0
